Fare,Age,Pclass,SibSp,Parch,Sex_male,Embarked_Q,Embarked_S,Survived,FamilySize,IsAlone,TicketGroupSize,Log_Fare,Sqrt_Fare,Title_Capt,Title_Col,Title_Don,Title_Dr,Title_Jonkheer,Title_Lady,Title_Major,Title_Master,Title_Miss,Title_Mlle,Title_Mme,Title_Mr,Title_Mrs,Title_Ms,Title_Rev,Title_Sir,Title_the Countess,Age_Group_Child,Age_Group_nan
-0.3120106021758714,-0.5657364610748746,1.0,0.125,0.0,1.0,0.0,1.0,0,1.125,0,1,-0.3739818513068788,,0.0,0.0,0.0,0.0,0.0,0.0,0.0,0.0,0.0,0.0,0.0,1.0,0.0,0.0,0.0,0.0,0.0,0.0,1.0
2.4612422909015312,0.6638610320657843,0.0,0.125,0.0,0.0,0.0,0.0,1,1.125,0,1,1.2416275682420583,1.568834692025113,0.0,0.0,0.0,0.0,0.0,0.0,0.0,0.0,0.0,0.0,0.0,0.0,1.0,0.0,0.0,0.0,0.0,1.0,0.0
-0.2827766613540295,-0.2583370877897099,1.0,0.0,0.0,0.0,0.0,1.0,1,1.0,1,1,-0.332367996444908,,0.0,0.0,0.0,0.0,0.0,0.0,0.0,0.0,1.0,0.0,0.0,0.0,0.0,0.0,0.0,0.0,0.0,0.0,1.0
1.6737318966114614,0.4333115021019107,0.0,0.125,0.0,0.0,0.0,1.0,1,1.125,0,2,0.9834752106057543,1.2937279067143375,0.0,0.0,0.0,0.0,0.0,0.0,0.0,0.0,0.0,0.0,0.0,0.0,1.0,0.0,0.0,0.0,0.0,1.0,0.0
-0.277362968609244,0.4333115021019107,1.0,0.0,0.0,1.0,0.0,1.0,0,1.0,1,1,-0.32484821415469367,,0.0,0.0,0.0,0.0,0.0,0.0,0.0,0.0,0.0,0.0,0.0,1.0,0.0,0.0,0.0,0.0,0.0,1.0,0.0
-0.2596796826276765,-0.1046374011471275,1.0,0.0,0.0,1.0,1.0,0.0,0,1.0,1,1,-0.30067232512740333,,0.0,0.0,0.0,0.0,0.0,0.0,0.0,0.0,0.0,0.0,0.0,1.0,0.0,0.0,0.0,0.0,0.0,0.0,1.0
1.6201363384380845,1.893458525206443,0.0,0.0,0.0,1.0,0.0,1.0,0,1.0,1,1,0.963226353990886,1.2728457638056876,0.0,0.0,0.0,0.0,0.0,0.0,0.0,0.0,0.0,0.0,0.0,1.0,0.0,0.0,0.0,0.0,0.0,1.0,0.0
0.2867438153974083,-2.1027333275006983,1.0,0.375,0.1666666666666666,1.0,0.0,1.0,0,1.5416666666666663,0,4,0.2521148531645178,0.5354846546796727,0.0,0.0,0.0,0.0,0.0,0.0,0.0,1.0,0.0,0.0,0.0,0.0,0.0,0.0,0.0,0.0,0.0,0.0,1.0
-0.1438266578892661,-0.1814872444684187,1.0,0.0,0.3333333333333333,0.0,0.0,1.0,1,1.3333333333333333,0,3,-0.15528242087544106,,0.0,0.0,0.0,0.0,0.0,0.0,0.0,0.0,0.0,0.0,0.0,0.0,1.0,0.0,0.0,0.0,0.0,0.0,1.0
0.6763477929457417,-1.180535207645204,0.5,0.125,0.0,0.0,0.0,0.0,1,1.125,0,2,0.5166174942226801,0.8224036678819846,0.0,0.0,0.0,0.0,0.0,0.0,0.0,0.0,0.0,0.0,0.0,0.0,1.0,0.0,0.0,0.0,0.0,0.0,1.0
0.0972645693299147,-1.949033640858116,1.0,0.125,0.1666666666666666,0.0,0.0,1.0,1,1.2916666666666663,0,2,0.09282032753853213,0.3118726812818248,0.0,0.0,0.0,0.0,0.0,0.0,0.0,0.0,1.0,0.0,0.0,0.0,0.0,0.0,0.0,0.0,0.0,0.0,1.0
0.5238635576190146,2.200857898491608,0.0,0.0,0.0,0.0,0.0,1.0,1,1.0,1,1,0.421248924135102,0.723784192711484,0.0,0.0,0.0,0.0,0.0,0.0,0.0,0.0,1.0,0.0,0.0,0.0,0.0,0.0,0.0,0.0,0.0,1.0,0.0
-0.277362968609244,-0.719436147717457,1.0,0.0,0.0,1.0,0.0,1.0,0,1.0,1,1,-0.32484821415469367,,0.0,0.0,0.0,0.0,0.0,0.0,0.0,0.0,0.0,0.0,0.0,1.0,0.0,0.0,0.0,0.0,0.0,0.0,1.0
0.7285011433719076,0.7407108753870755,1.0,0.125,0.8333333333333333,1.0,0.0,1.0,0,1.9583333333333333,0,7,0.5472546418614799,0.8535227843308623,0.0,0.0,0.0,0.0,0.0,0.0,0.0,0.0,0.0,0.0,0.0,1.0,0.0,0.0,0.0,0.0,0.0,1.0,0.0
-0.2858429769246761,-1.180535207645204,1.0,0.0,0.0,0.0,0.0,1.0,0,1.0,1,1,-0.3366524205479082,,0.0,0.0,0.0,0.0,0.0,0.0,0.0,0.0,1.0,0.0,0.0,0.0,0.0,0.0,0.0,0.0,0.0,0.0,1.0
0.0669478899591157,1.9703083685277345,0.5,0.0,0.0,0.0,0.0,1.0,1,1.0,1,1,0.06480213322552236,0.25874290320531634,0.0,0.0,0.0,0.0,0.0,0.0,0.0,0.0,0.0,0.0,0.0,0.0,1.0,0.0,0.0,0.0,0.0,1.0,0.0
0.6353856281615965,-2.1027333275006983,1.0,0.5,0.1666666666666666,1.0,1.0,0.0,0,1.6666666666666663,0,5,0.49187863474185484,0.7971108004296494,0.0,0.0,0.0,0.0,0.0,0.0,0.0,1.0,0.0,0.0,0.0,0.0,0.0,0.0,0.0,0.0,0.0,0.0,1.0
-0.0629807359157369,-0.1046374011471275,0.5,0.0,0.0,1.0,0.0,1.0,1,1.0,1,1,-0.06505143763353603,,0.0,0.0,0.0,0.0,0.0,0.0,0.0,0.0,0.0,0.0,0.0,1.0,0.0,0.0,0.0,0.0,0.0,0.0,1.0
0.1535669738756842,0.125912128816746,1.0,0.125,0.0,0.0,0.0,1.0,0,1.125,0,1,0.14285885839019707,0.3918762226464936,0.0,0.0,0.0,0.0,0.0,0.0,0.0,0.0,0.0,0.0,0.0,0.0,1.0,0.0,0.0,0.0,0.0,1.0,0.0
-0.3130933407248285,-0.1046374011471275,1.0,0.0,0.0,0.0,0.0,0.0,1,1.0,1,1,-0.37555686313005193,,0.0,0.0,0.0,0.0,0.0,0.0,0.0,0.0,0.0,0.0,0.0,0.0,1.0,0.0,0.0,0.0,0.0,0.0,1.0
0.5000433095419583,0.4333115021019107,0.5,0.0,0.0,1.0,0.0,1.0,0,1.0,1,2,0.40549398071931875,0.7071374049942192,0.0,0.0,0.0,0.0,0.0,0.0,0.0,0.0,0.0,0.0,0.0,1.0,0.0,0.0,0.0,0.0,0.0,1.0,0.0
-0.0629807359157369,0.3564616587806195,0.5,0.0,0.0,1.0,0.0,1.0,1,1.0,1,1,-0.06505143763353603,,0.0,0.0,0.0,0.0,0.0,0.0,0.0,0.0,0.0,0.0,0.0,1.0,0.0,0.0,0.0,0.0,0.0,1.0,0.0
-0.2782638070819763,-1.1036853643239128,1.0,0.0,0.0,0.0,1.0,0.0,1,1.0,1,1,-0.3260955906282755,,0.0,0.0,0.0,0.0,0.0,0.0,0.0,0.0,1.0,0.0,0.0,0.0,0.0,0.0,0.0,0.0,0.0,0.0,1.0
0.9114839581456586,-0.1046374011471275,0.0,0.0,0.0,1.0,0.0,1.0,1,1.0,1,1,0.6478798818332969,0.9547166899901031,0.0,0.0,0.0,0.0,0.0,0.0,0.0,0.0,0.0,0.0,0.0,1.0,0.0,0.0,0.0,0.0,0.0,0.0,1.0
0.2867438153974083,-1.6416342675729512,1.0,0.375,0.1666666666666666,0.0,0.0,1.0,0,1.5416666666666663,0,4,0.2521148531645178,0.5354846546796727,0.0,0.0,0.0,0.0,0.0,0.0,0.0,0.0,1.0,0.0,0.0,0.0,0.0,0.0,0.0,0.0,0.0,0.0,1.0
0.7333734668422146,0.6638610320657843,1.0,0.125,0.8333333333333333,0.0,0.0,1.0,1,1.9583333333333333,0,4,0.5500694905986551,0.8563722711777949,0.0,0.0,0.0,0.0,0.0,0.0,0.0,0.0,0.0,0.0,0.0,0.0,1.0,0.0,0.0,0.0,0.0,1.0,0.0
-0.3130933407248285,-0.1046374011471275,1.0,0.0,0.0,1.0,0.0,0.0,0,1.0,1,1,-0.37555686313005193,,0.0,0.0,0.0,0.0,0.0,0.0,0.0,0.0,0.0,0.0,0.0,1.0,0.0,0.0,0.0,0.0,0.0,0.0,1.0
10.764404753655324,-0.7962859910387481,0.0,0.375,0.3333333333333333,1.0,0.0,1.0,0,1.7083333333333333,0,4,2.4650784262249417,3.280915231098683,0.0,0.0,0.0,0.0,0.0,0.0,0.0,0.0,0.0,0.0,0.0,1.0,0.0,0.0,0.0,0.0,0.0,0.0,1.0
-0.2847602383757189,-0.1046374011471275,1.0,0.0,0.0,0.0,1.0,0.0,1,1.0,1,1,-0.33513746155593377,,0.0,0.0,0.0,0.0,0.0,0.0,0.0,0.0,1.0,0.0,0.0,0.0,0.0,0.0,0.0,0.0,0.0,0.0,1.0
-0.2840412999792114,-0.1046374011471275,1.0,0.0,0.0,1.0,0.0,1.0,0,1.0,1,1,-0.33413279522034667,,0.0,0.0,0.0,0.0,0.0,0.0,0.0,0.0,0.0,0.0,0.0,1.0,0.0,0.0,0.0,0.0,0.0,0.0,1.0
0.5745703693437738,0.8175607187083667,0.0,0.0,0.0,1.0,0.0,0.0,0,1.0,1,1,0.453982453696959,0.7580042014024552,0.0,0.0,1.0,0.0,0.0,0.0,0.0,0.0,0.0,0.0,0.0,0.0,0.0,0.0,0.0,0.0,0.0,1.0,0.0
5.719743953987942,-0.1046374011471275,0.0,0.125,0.0,0.0,0.0,0.0,1,1.125,0,2,1.9050500517240276,2.391598618913287,0.0,0.0,0.0,0.0,0.0,0.0,0.0,0.0,0.0,0.0,0.0,0.0,1.0,0.0,0.0,0.0,0.0,0.0,1.0
-0.2903558311967292,-0.1046374011471275,1.0,0.0,0.0,0.0,1.0,0.0,1,1.0,1,1,-0.3429916052744054,,0.0,0.0,0.0,0.0,0.0,0.0,0.0,0.0,1.0,0.0,0.0,0.0,0.0,0.0,0.0,0.0,0.0,0.0,1.0
-0.1712545908114476,2.8156566450619374,0.5,0.0,0.0,1.0,0.0,1.0,0,1.0,1,1,-0.1878422769380683,,0.0,0.0,0.0,0.0,0.0,0.0,0.0,0.0,0.0,0.0,0.0,1.0,0.0,0.0,0.0,0.0,0.0,1.0,0.0
2.932774928972352,-0.1046374011471275,0.0,0.125,0.0,1.0,0.0,0.0,0,1.125,0,2,1.3693452655147922,1.7125346504442915,0.0,0.0,0.0,0.0,0.0,0.0,0.0,0.0,0.0,0.0,0.0,1.0,0.0,0.0,0.0,0.0,0.0,0.0,1.0
1.6260914004573488,0.9712604053509488,0.0,0.125,0.0,1.0,0.0,1.0,0,1.125,0,2,0.9654965812373238,1.2751828890231192,0.0,0.0,0.0,0.0,0.0,0.0,0.0,0.0,0.0,0.0,0.0,1.0,0.0,0.0,0.0,0.0,0.0,1.0,0.0
-0.3129114406486037,-0.1046374011471275,1.0,0.0,0.0,1.0,0.0,0.0,1,1.0,1,1,-0.37529208771479355,,0.0,0.0,0.0,0.0,0.0,0.0,0.0,0.0,0.0,0.0,0.0,1.0,0.0,0.0,0.0,0.0,0.0,0.0,1.0
-0.277362968609244,-0.6425863043961658,1.0,0.0,0.0,1.0,0.0,1.0,0,1.0,1,1,-0.32484821415469367,,0.0,0.0,0.0,0.0,0.0,0.0,0.0,0.0,0.0,0.0,0.0,1.0,0.0,0.0,0.0,0.0,0.0,0.0,1.0
0.1535669738756842,-0.8731358343600393,1.0,0.25,0.0,0.0,0.0,1.0,0,1.25,0,2,0.14285885839019707,0.3918762226464936,0.0,0.0,0.0,0.0,0.0,0.0,0.0,0.0,1.0,0.0,0.0,0.0,0.0,0.0,0.0,0.0,0.0,0.0,1.0
-0.1391319035409881,-1.180535207645204,1.0,0.125,0.0,0.0,0.0,0.0,1,1.125,0,2,-0.14981398436358662,,0.0,0.0,0.0,0.0,0.0,0.0,0.0,0.0,1.0,0.0,0.0,0.0,0.0,0.0,0.0,0.0,0.0,0.0,1.0
-0.2156468713186889,0.8175607187083667,1.0,0.125,0.0,0.0,0.0,1.0,0,1.125,0,1,-0.24289594080365756,,0.0,0.0,0.0,0.0,0.0,0.0,0.0,0.0,0.0,0.0,0.0,0.0,1.0,0.0,0.0,0.0,0.0,1.0,0.0
0.283495599750537,-0.1814872444684187,0.5,0.125,0.0,0.0,0.0,1.0,0,1.125,0,2,0.24958729300260246,0.5324430483634255,0.0,0.0,0.0,0.0,0.0,0.0,0.0,0.0,0.0,0.0,0.0,0.0,1.0,0.0,0.0,0.0,0.0,0.0,1.0
-0.2840412999792114,-0.1046374011471275,1.0,0.0,0.0,1.0,0.0,0.0,0,1.0,1,1,-0.33413279522034667,,0.0,0.0,0.0,0.0,0.0,0.0,0.0,0.0,0.0,0.0,0.0,1.0,0.0,0.0,0.0,0.0,0.0,0.0,1.0
1.1747713256184602,-2.025883484179407,0.5,0.125,0.3333333333333333,0.0,0.0,0.0,1,1.4583333333333333,0,3,0.7769235213666127,1.083868684674698,0.0,0.0,0.0,0.0,0.0,0.0,0.0,0.0,1.0,0.0,0.0,0.0,0.0,0.0,0.0,0.0,0.0,0.0,1.0
-0.2847602383757189,-0.7962859910387481,1.0,0.0,0.0,0.0,1.0,0.0,1,1.0,1,1,-0.33513746155593377,,0.0,0.0,0.0,0.0,0.0,0.0,0.0,0.0,1.0,0.0,0.0,0.0,0.0,0.0,0.0,0.0,0.0,0.0,1.0
-0.277362968609244,-0.1046374011471275,1.0,0.0,0.0,1.0,0.0,1.0,0,1.0,1,1,-0.32484821415469367,,0.0,0.0,0.0,0.0,0.0,0.0,0.0,0.0,0.0,0.0,0.0,1.0,0.0,0.0,0.0,0.0,0.0,0.0,1.0
0.0452931189799736,-0.1046374011471275,1.0,0.125,0.0,1.0,1.0,0.0,0,1.125,0,1,0.044297342716502645,0.21282180099786208,0.0,0.0,0.0,0.0,0.0,0.0,0.0,0.0,0.0,0.0,0.0,1.0,0.0,0.0,0.0,0.0,0.0,0.0,1.0
-0.2903558311967292,-0.1046374011471275,1.0,0.0,0.0,0.0,1.0,0.0,1,1.0,1,1,-0.3429916052744054,,0.0,0.0,0.0,0.0,0.0,0.0,0.0,0.0,1.0,0.0,0.0,0.0,0.0,0.0,0.0,0.0,0.0,0.0,1.0
0.3129114406486037,-0.1046374011471275,1.0,0.25,0.0,1.0,0.0,0.0,0,1.25,0,1,0.27224714494890706,0.5593848770288697,0.0,0.0,0.0,0.0,0.0,0.0,0.0,0.0,0.0,0.0,0.0,1.0,0.0,0.0,0.0,0.0,0.0,0.0,1.0
0.1449050654840274,-0.8731358343600393,1.0,0.125,0.0,0.0,0.0,1.0,0,1.125,0,2,0.135321721327769,0.38066397975646105,0.0,0.0,0.0,0.0,0.0,0.0,0.0,0.0,0.0,0.0,0.0,0.0,1.0,0.0,0.0,0.0,0.0,0.0,1.0
1.092842665095974,-1.7184841108942424,1.0,0.5,0.1666666666666666,1.0,0.0,1.0,0,1.6666666666666663,0,6,0.7385232686822532,1.0453911541121697,0.0,0.0,0.0,0.0,0.0,0.0,0.0,1.0,0.0,0.0,0.0,0.0,0.0,0.0,0.0,0.0,0.0,0.0,1.0
-0.288190354098815,-0.6425863043961658,1.0,0.0,0.0,1.0,0.0,1.0,0,1.0,1,1,-0.3399447545772617,,0.0,0.0,0.0,0.0,0.0,0.0,0.0,0.0,0.0,0.0,0.0,1.0,0.0,0.0,0.0,0.0,0.0,0.0,1.0
2.697101725452152,1.5092093085999871,0.0,0.125,0.0,0.0,0.0,0.0,1,1.125,0,3,1.3075491952513993,1.642285518858445,0.0,0.0,0.0,0.0,0.0,0.0,0.0,0.0,0.0,0.0,0.0,0.0,1.0,0.0,0.0,0.0,0.0,1.0,0.0
0.5000433095419583,-0.0277875578258363,0.5,0.125,0.0,0.0,0.0,1.0,1,1.125,0,1,0.40549398071931875,0.7071374049942192,0.0,0.0,0.0,0.0,0.0,0.0,0.0,0.0,0.0,0.0,0.0,0.0,1.0,0.0,0.0,0.0,0.0,0.0,1.0
2.058285981567459,2.738806801740646,0.0,0.0,0.1666666666666666,1.0,0.0,0.0,0,1.1666666666666663,0,1,1.1178546222864376,1.4346727785691966,0.0,0.0,0.0,0.0,0.0,0.0,0.0,0.0,0.0,0.0,0.0,1.0,0.0,0.0,0.0,0.0,0.0,1.0,0.0
0.9114839581456586,-0.1046374011471275,0.0,0.0,0.0,1.0,0.0,1.0,1,1.0,1,1,0.6478798818332969,0.9547166899901031,0.0,0.0,0.0,0.0,0.0,0.0,0.0,0.0,0.0,0.0,0.0,1.0,0.0,0.0,0.0,0.0,0.0,0.0,1.0
-0.1712545908114476,-0.6425863043961658,0.5,0.0,0.0,0.0,0.0,1.0,1,1.0,1,1,-0.1878422769380683,,0.0,0.0,0.0,0.0,0.0,0.0,0.0,0.0,1.0,0.0,0.0,0.0,0.0,0.0,0.0,0.0,0.0,0.0,1.0
-0.3129114406486037,-0.0662124794864819,1.0,0.0,0.0,1.0,0.0,0.0,0,1.0,1,1,-0.37529208771479355,,0.0,0.0,0.0,0.0,0.0,0.0,0.0,0.0,0.0,0.0,0.0,1.0,0.0,0.0,0.0,0.0,0.0,0.0,1.0
0.5758350079689557,-1.8721837975368247,0.5,0.125,0.3333333333333333,0.0,0.0,1.0,1,1.4583333333333333,0,3,0.4547852955802395,0.758837932610749,0.0,0.0,0.0,0.0,0.0,0.0,0.0,0.0,1.0,0.0,0.0,0.0,0.0,0.0,0.0,0.0,0.0,0.0,1.0
1.405212736470099,-1.4110847376090776,1.0,0.625,0.3333333333333333,1.0,0.0,1.0,0,1.9583333333333333,0,6,0.877638355558454,1.1854166931801235,0.0,0.0,0.0,0.0,0.0,0.0,0.0,1.0,0.0,0.0,0.0,0.0,0.0,0.0,0.0,0.0,0.0,0.0,1.0
-0.3129114406486037,-0.5657364610748746,1.0,0.0,0.0,1.0,0.0,0.0,0,1.0,1,1,-0.37529208771479355,,0.0,0.0,0.0,0.0,0.0,0.0,0.0,0.0,0.0,0.0,0.0,1.0,0.0,0.0,0.0,0.0,0.0,0.0,1.0
2.838758575289308,0.6638610320657843,0.0,0.0,0.0,0.0,0.0,1.0,1,1.0,1,2,1.3451490266458304,1.6848615893566177,0.0,0.0,0.0,0.0,0.0,0.0,0.0,0.0,1.0,0.0,0.0,0.0,0.0,0.0,0.0,0.0,0.0,1.0,0.0
2.9892592335943453,1.2018099353148226,0.0,0.125,0.0,1.0,0.0,1.0,0,1.125,0,2,1.383605557924846,1.728947435173882,0.0,0.0,0.0,0.0,0.0,0.0,0.0,0.0,0.0,0.0,0.0,1.0,0.0,0.0,0.0,0.0,0.0,1.0,0.0
0.5823314392626983,-1.949033640858116,1.0,0.375,0.3333333333333333,1.0,0.0,1.0,0,1.7083333333333333,0,6,0.4588993538892099,0.763106440323169,0.0,0.0,0.0,0.0,0.0,0.0,0.0,1.0,0.0,0.0,0.0,0.0,0.0,0.0,0.0,0.0,0.0,0.0,1.0
0.5745703693437738,-0.1046374011471275,0.0,0.0,0.0,1.0,0.0,0.0,0,1.0,1,1,0.453982453696959,0.7580042014024552,0.0,0.0,0.0,0.0,0.0,0.0,0.0,0.0,0.0,0.0,0.0,1.0,0.0,0.0,0.0,0.0,0.0,0.0,1.0
0.0342838334141777,-0.1046374011471275,1.0,0.125,0.1666666666666666,1.0,0.0,0.0,1,1.2916666666666663,0,2,0.03370923881845429,0.18515894095122087,0.0,0.0,0.0,0.0,0.0,0.0,0.0,1.0,0.0,0.0,0.0,0.0,0.0,0.0,0.0,0.0,0.0,0.0,1.0
-0.1712545908114476,-0.0277875578258363,0.5,0.0,0.0,0.0,0.0,1.0,1,1.0,1,1,-0.1878422769380683,,0.0,0.0,0.0,0.0,0.0,0.0,0.0,0.0,0.0,0.0,0.0,0.0,1.0,0.0,0.0,0.0,0.0,0.0,1.0
-0.2726725452151617,-0.7962859910387481,1.0,0.0,0.0,1.0,0.0,1.0,0,1.0,1,1,-0.31837848362054594,,0.0,0.0,0.0,0.0,0.0,0.0,0.0,0.0,0.0,0.0,0.0,1.0,0.0,0.0,0.0,0.0,0.0,0.0,1.0
-0.2827766613540295,-0.9499856776813304,1.0,0.5,0.3333333333333333,0.0,0.0,1.0,1,1.8333333333333333,0,1,-0.332367996444908,,0.0,0.0,0.0,0.0,0.0,0.0,0.0,0.0,1.0,0.0,0.0,0.0,0.0,0.0,0.0,0.0,0.0,0.0,1.0
-0.2508358741597949,-0.2583370877897099,1.0,0.25,0.0,1.0,0.0,1.0,0,1.25,0,1,-0.28879719284721256,,0.0,0.0,0.0,0.0,0.0,0.0,0.0,0.0,0.0,0.0,0.0,1.0,0.0,0.0,0.0,0.0,0.0,0.0,1.0
-0.1712545908114476,0.2027619721380371,0.5,0.0,0.0,1.0,0.0,1.0,0,1.0,1,1,-0.1878422769380683,,0.0,0.0,0.0,0.0,0.0,0.0,0.0,0.0,0.0,0.0,0.0,1.0,0.0,0.0,0.0,0.0,0.0,1.0,0.0
1.405212736470099,-1.0268355210026217,1.0,0.625,0.3333333333333333,0.0,0.0,1.0,0,1.9583333333333333,0,6,0.877638355558454,1.1854166931801235,0.0,0.0,0.0,0.0,0.0,0.0,0.0,0.0,1.0,0.0,0.0,0.0,0.0,0.0,0.0,0.0,0.0,0.0,1.0
2.55724655256046,-0.6425863043961658,0.5,0.0,0.0,1.0,0.0,1.0,0,1.0,1,5,1.2689868053126747,1.5991393161824456,0.0,0.0,0.0,0.0,0.0,0.0,0.0,0.0,0.0,0.0,0.0,1.0,0.0,0.0,0.0,0.0,0.0,0.0,1.0
0.0,-0.2583370877897099,1.0,0.125,0.0,1.0,0.0,0.0,0,1.125,0,1,0.0,0.0,0.0,0.0,0.0,0.0,0.0,0.0,0.0,0.0,0.0,0.0,0.0,1.0,0.0,0.0,0.0,0.0,0.0,0.0,1.0
1.8208024391934032,0.2027619721380371,1.0,0.0,0.0,1.0,0.0,1.0,1,1.0,1,7,1.0370213973779847,1.3493711273009377,0.0,0.0,0.0,0.0,0.0,0.0,0.0,0.0,0.0,0.0,0.0,1.0,0.0,0.0,0.0,0.0,0.0,1.0,0.0
-0.2946867853925576,-0.335186931111001,1.0,0.0,0.0,1.0,0.0,1.0,0,1.0,1,1,-0.34911329879232156,,0.0,0.0,0.0,0.0,0.0,0.0,0.0,0.0,0.0,0.0,0.0,1.0,0.0,0.0,0.0,0.0,0.0,0.0,1.0
-0.2840412999792114,-0.1046374011471275,1.0,0.0,0.0,1.0,0.0,1.0,0,1.0,1,1,-0.33413279522034667,,0.0,0.0,0.0,0.0,0.0,0.0,0.0,0.0,0.0,0.0,0.0,1.0,0.0,0.0,0.0,0.0,0.0,0.0,1.0
-0.277362968609244,-0.1046374011471275,1.0,0.0,0.0,1.0,0.0,1.0,0,1.0,1,1,-0.32484821415469367,,0.0,0.0,0.0,0.0,0.0,0.0,0.0,0.0,0.0,0.0,0.0,1.0,0.0,0.0,0.0,0.0,0.0,0.0,1.0
0.629971935416811,-2.192647644186609,0.5,0.0,0.3333333333333333,1.0,0.0,1.0,1,1.3333333333333333,0,2,0.4885627971347487,0.7937077140968273,0.0,0.0,0.0,0.0,0.0,0.0,0.0,1.0,0.0,0.0,0.0,0.0,0.0,0.0,0.0,0.0,0.0,0.0,1.0
-0.0857182454438362,0.0490622854954548,1.0,0.0,0.0,0.0,0.0,1.0,1,1.0,1,2,-0.08961648965326159,,0.0,0.0,0.0,0.0,0.0,0.0,0.0,0.0,1.0,0.0,0.0,0.0,0.0,0.0,0.0,0.0,0.0,1.0,0.0
-0.2362189037488739,-0.5657364610748746,1.0,0.0,0.0,1.0,0.0,1.0,0,1.0,1,1,-0.26947405410275044,,0.0,0.0,0.0,0.0,0.0,0.0,0.0,0.0,0.0,0.0,0.0,1.0,0.0,0.0,0.0,0.0,0.0,0.0,1.0
-0.2145641327697318,-0.0277875578258363,1.0,0.0,0.0,1.0,0.0,1.0,1,1.0,1,1,-0.24151647041180774,,0.0,0.0,0.0,0.0,0.0,0.0,0.0,0.0,0.0,0.0,0.0,1.0,0.0,0.0,0.0,0.0,0.0,0.0,1.0
-0.2887317233732936,-0.1046374011471275,1.0,0.0,0.0,0.0,1.0,0.0,1,1.0,1,1,-0.3407055973842848,,0.0,0.0,0.0,0.0,0.0,0.0,0.0,0.0,1.0,0.0,0.0,0.0,0.0,0.0,0.0,0.0,0.0,0.0,1.0
1.4138746448617558,-0.1046374011471275,0.0,0.0,0.0,1.0,0.0,1.0,0,1.0,1,1,0.8812331929350323,1.189064609204124,0.0,0.0,0.0,0.0,0.0,0.0,0.0,0.0,0.0,0.0,0.0,1.0,0.0,0.0,0.0,0.0,0.0,0.0,1.0
-0.1712545908114476,-0.9499856776813304,0.5,0.0,0.0,0.0,0.0,1.0,1,1.0,1,1,-0.1878422769380683,,0.0,0.0,0.0,0.0,0.0,0.0,0.0,0.0,1.0,0.0,0.0,0.0,0.0,0.0,0.0,0.0,0.0,0.0,1.0
0.0604514586653731,0.2796118154593283,1.0,0.375,0.0,0.0,0.0,1.0,1,1.375,0,2,0.058694721853735664,0.24586878343005056,0.0,0.0,0.0,0.0,0.0,0.0,0.0,0.0,0.0,0.0,0.0,0.0,1.0,0.0,0.0,0.0,0.0,1.0,0.0
0.8627607234425888,-1.0268355210026217,1.0,0.125,0.5,1.0,0.0,1.0,0,1.625,0,4,0.6220596472154754,0.9288491392269193,0.0,0.0,0.0,0.0,0.0,0.0,0.0,0.0,0.0,0.0,0.0,1.0,0.0,0.0,0.0,0.0,0.0,0.0,1.0
-0.277362968609244,-0.1046374011471275,1.0,0.0,0.0,1.0,0.0,1.0,0,1.0,1,1,-0.32484821415469367,,0.0,0.0,0.0,0.0,0.0,0.0,0.0,0.0,0.0,0.0,0.0,1.0,0.0,0.0,0.0,0.0,0.0,0.0,1.0
10.764404753655324,-0.4888866177535834,0.0,0.375,0.3333333333333333,0.0,0.0,1.0,1,1.7083333333333333,0,4,2.4650784262249417,3.280915231098683,0.0,0.0,0.0,0.0,0.0,0.0,0.0,0.0,1.0,0.0,0.0,0.0,0.0,0.0,0.0,0.0,0.0,0.0,1.0
-0.277362968609244,-0.4120367744322922,1.0,0.0,0.0,1.0,0.0,1.0,0,1.0,1,1,-0.32484821415469367,,0.0,0.0,0.0,0.0,0.0,0.0,0.0,0.0,0.0,0.0,0.0,1.0,0.0,0.0,0.0,0.0,0.0,0.0,1.0
-0.277362968609244,-0.0277875578258363,1.0,0.0,0.0,1.0,0.0,1.0,0,1.0,1,1,-0.32484821415469367,,0.0,0.0,0.0,0.0,0.0,0.0,0.0,0.0,0.0,0.0,0.0,1.0,0.0,0.0,0.0,0.0,0.0,0.0,1.0
-0.2858429769246761,-0.719436147717457,1.0,0.0,0.0,1.0,0.0,1.0,0,1.0,1,1,-0.3366524205479082,,0.0,0.0,0.0,0.0,0.0,0.0,0.0,0.0,0.0,0.0,0.0,1.0,0.0,0.0,0.0,0.0,0.0,0.0,1.0
2.0234564479246067,1.2786597786361138,0.0,0.125,0.0,1.0,0.0,1.0,0,1.125,0,1,1.1064006961043504,1.4224824947691295,0.0,0.0,0.0,0.0,0.0,0.0,0.0,0.0,0.0,0.0,0.0,1.0,0.0,0.0,0.0,0.0,0.0,1.0,0.0
0.2650890444182662,-0.2583370877897099,1.0,0.125,0.3333333333333333,1.0,0.0,1.0,0,1.4583333333333333,0,2,0.2351425105466435,0.5148679873698365,0.0,0.0,0.0,0.0,0.0,0.0,0.0,0.0,0.0,0.0,0.0,1.0,0.0,0.0,0.0,0.0,0.0,0.0,1.0
-0.3120106021758714,2.277707741812899,1.0,0.0,0.0,1.0,0.0,1.0,0,1.0,1,1,-0.3739818513068788,,0.0,0.0,0.0,0.0,0.0,0.0,0.0,0.0,0.0,0.0,0.0,1.0,0.0,0.0,0.0,0.0,0.0,1.0,0.0
-0.277362968609244,-0.1046374011471275,1.0,0.0,0.0,1.0,0.0,1.0,0,1.0,1,1,-0.32484821415469367,,0.0,0.0,0.0,0.0,0.0,0.0,0.0,0.0,0.0,0.0,0.0,1.0,0.0,0.0,0.0,0.0,0.0,0.0,1.0
0.8748527475573419,3.1999058616683933,0.0,0.0,0.0,1.0,0.0,0.0,0,1.0,1,1,0.6285301217022837,0.9353356336403216,0.0,0.0,0.0,0.0,0.0,0.0,0.0,0.0,0.0,0.0,0.0,1.0,0.0,0.0,0.0,0.0,0.0,1.0,0.0
2.1180141708821285,-0.4888866177535834,0.0,0.0,0.1666666666666666,1.0,0.0,0.0,1,1.1666666666666663,0,1,1.1371963154880307,1.4553398815679204,0.0,0.0,0.0,0.0,0.0,0.0,0.0,0.0,0.0,0.0,0.0,1.0,0.0,0.0,0.0,0.0,0.0,0.0,1.0
0.3701146836671055,0.3564616587806195,0.5,0.0,0.1666666666666666,0.0,0.0,1.0,1,1.1666666666666663,0,2,0.3148944470424043,0.6083705151197792,0.0,0.0,0.0,0.0,0.0,0.0,0.0,0.0,0.0,0.0,0.0,0.0,1.0,0.0,0.0,0.0,0.0,1.0,0.0
0.5000433095419583,0.3564616587806195,0.5,0.125,0.0,1.0,0.0,1.0,0,1.125,0,2,0.40549398071931875,0.7071374049942192,0.0,0.0,0.0,0.0,0.0,0.0,0.0,0.0,0.0,0.0,0.0,1.0,0.0,0.0,0.0,0.0,0.0,1.0,0.0
-0.2840412999792114,-0.1046374011471275,1.0,0.0,0.0,0.0,0.0,1.0,0,1.0,1,1,-0.33413279522034667,,0.0,0.0,0.0,0.0,0.0,0.0,0.0,0.0,1.0,0.0,0.0,0.0,0.0,0.0,0.0,0.0,0.0,0.0,1.0
-0.2840412999792114,-0.1046374011471275,1.0,0.0,0.0,1.0,0.0,1.0,0,1.0,1,1,-0.33413279522034667,,0.0,0.0,0.0,0.0,0.0,0.0,0.0,0.0,0.0,0.0,0.0,1.0,0.0,0.0,0.0,0.0,0.0,0.0,1.0
2.721281442727461,-0.6425863043961658,0.0,0.0,0.1666666666666666,1.0,0.0,1.0,0,1.1666666666666663,0,2,1.3140680828190279,1.6496306988921676,0.0,0.0,0.0,0.0,0.0,0.0,0.0,0.0,0.0,0.0,0.0,1.0,0.0,0.0,0.0,0.0,0.0,0.0,1.0
-0.2511953433580486,0.2796118154593283,1.0,0.0,0.0,1.0,0.0,1.0,0,1.0,1,1,-0.28927713503206665,,0.0,0.0,0.0,0.0,0.0,0.0,0.0,0.0,0.0,0.0,0.0,1.0,0.0,0.0,0.0,0.0,0.0,1.0,0.0
-0.2827766613540295,0.5870111887444931,1.0,0.25,0.0,1.0,0.0,1.0,0,1.25,0,1,-0.332367996444908,,0.0,0.0,0.0,0.0,0.0,0.0,0.0,0.0,0.0,0.0,0.0,1.0,0.0,0.0,0.0,0.0,0.0,1.0,0.0
-0.2840412999792114,-0.1046374011471275,1.0,0.0,0.0,1.0,0.0,1.0,0,1.0,1,1,-0.33413279522034667,,0.0,0.0,0.0,0.0,0.0,0.0,0.0,0.0,0.0,0.0,0.0,1.0,0.0,0.0,0.0,0.0,0.0,0.0,1.0
-0.2946867853925576,-0.6425863043961658,1.0,0.0,0.0,0.0,0.0,1.0,1,1.0,1,1,-0.34911329879232156,,0.0,0.0,0.0,0.0,0.0,0.0,0.0,0.0,1.0,0.0,0.0,0.0,0.0,0.0,0.0,0.0,0.0,0.0,1.0
-0.2892730926477721,-0.1046374011471275,1.0,0.0,0.0,1.0,0.0,1.0,1,1.0,1,1,-0.34146701951388614,,0.0,0.0,0.0,0.0,0.0,0.0,0.0,0.0,0.0,0.0,0.0,1.0,0.0,0.0,0.0,0.0,0.0,0.0,1.0
-0.2840412999792114,0.6638610320657843,1.0,0.0,0.0,1.0,0.0,1.0,0,1.0,1,1,-0.33413279522034667,,0.0,0.0,0.0,0.0,0.0,0.0,0.0,0.0,0.0,0.0,0.0,1.0,0.0,0.0,0.0,0.0,0.0,1.0,0.0
0.4199206569191323,-0.1046374011471275,1.0,0.125,0.0,0.0,1.0,0.0,1,1.125,0,3,0.35060099464301875,0.6480128524336013,0.0,0.0,0.0,0.0,0.0,0.0,0.0,0.0,1.0,0.0,0.0,0.0,0.0,0.0,0.0,0.0,0.0,0.0,1.0
1.6260914004573488,1.3555096219574048,0.0,0.0,0.0,1.0,0.0,1.0,0,1.0,1,2,0.9654965812373238,1.2751828890231192,0.0,0.0,0.0,0.0,0.0,0.0,0.0,0.0,0.0,0.0,0.0,1.0,0.0,0.0,0.0,0.0,0.0,1.0,0.0
0.0,-1.1421102859845584,1.0,0.125,0.0,0.0,0.0,0.0,0,1.125,0,2,0.0,0.0,0.0,0.0,0.0,0.0,0.0,0.0,0.0,0.0,1.0,0.0,0.0,0.0,0.0,0.0,0.0,0.0,0.0,0.0,1.0
-0.277362968609244,-0.5657364610748746,1.0,0.0,0.0,1.0,0.0,1.0,0,1.0,1,1,-0.32484821415469367,,0.0,0.0,0.0,0.0,0.0,0.0,0.0,0.0,0.0,0.0,0.0,1.0,0.0,0.0,0.0,0.0,0.0,0.0,1.0
-0.2004885316332894,-0.719436147717457,1.0,0.125,0.0,0.0,0.0,1.0,0,1.125,0,1,-0.22375440238735533,,0.0,0.0,0.0,0.0,0.0,0.0,0.0,0.0,1.0,0.0,0.0,0.0,0.0,0.0,0.0,0.0,0.0,0.0,1.0
0.0001775691220289,-0.9499856776813304,1.0,0.0,0.0,0.0,0.0,0.0,0,1.0,1,2,0.00017755335849840086,0.01332550644549392,0.0,0.0,0.0,0.0,0.0,0.0,0.0,0.0,1.0,0.0,0.0,0.0,0.0,0.0,0.0,0.0,0.0,0.0,1.0
-0.2827766613540295,-0.6425863043961658,1.0,0.0,0.0,1.0,0.0,1.0,0,1.0,1,1,-0.332367996444908,,0.0,0.0,0.0,0.0,0.0,0.0,0.0,0.0,0.0,0.0,0.0,1.0,0.0,0.0,0.0,0.0,0.0,0.0,1.0
-0.2903558311967292,3.161480940007748,1.0,0.0,0.0,1.0,1.0,0.0,0,1.0,1,1,-0.3429916052744054,,0.0,0.0,0.0,0.0,0.0,0.0,0.0,0.0,0.0,0.0,0.0,1.0,0.0,0.0,0.0,0.0,0.0,1.0,0.0
0.283495599750537,-0.0277875578258363,0.5,0.125,0.0,1.0,0.0,1.0,0,1.125,0,2,0.24958729300260246,0.5324430483634255,0.0,0.0,0.0,0.0,0.0,0.0,0.0,0.0,0.0,0.0,0.0,1.0,0.0,0.0,0.0,0.0,0.0,0.0,1.0
10.094007691774651,-0.4120367744322922,0.0,0.0,0.1666666666666666,1.0,0.0,0.0,0,1.1666666666666663,0,2,2.4064051149602452,3.1771068115149435,0.0,0.0,0.0,0.0,0.0,0.0,0.0,0.0,0.0,0.0,0.0,1.0,0.0,0.0,0.0,0.0,0.0,0.0,1.0
0.7285011433719076,-2.1027333275006983,1.0,0.5,0.3333333333333333,0.0,0.0,1.0,0,1.8333333333333333,0,7,0.5472546418614799,0.8535227843308623,0.0,0.0,0.0,0.0,0.0,0.0,0.0,0.0,1.0,0.0,0.0,0.0,0.0,0.0,0.0,0.0,0.0,0.0,1.0
2.55724655256046,-0.6425863043961658,0.5,0.25,0.0,1.0,0.0,1.0,0,1.25,0,5,1.2689868053126747,1.5991393161824456,0.0,0.0,0.0,0.0,0.0,0.0,0.0,0.0,0.0,0.0,0.0,1.0,0.0,0.0,0.0,0.0,0.0,0.0,1.0
-0.277362968609244,-0.1046374011471275,1.0,0.0,0.0,1.0,0.0,1.0,0,1.0,1,1,-0.32484821415469367,,0.0,0.0,0.0,0.0,0.0,0.0,0.0,0.0,0.0,0.0,0.0,1.0,0.0,0.0,0.0,0.0,0.0,0.0,1.0
0.6763477929457417,0.2411868937986827,0.5,0.125,0.0,1.0,0.0,0.0,0,1.125,0,2,0.5166174942226801,0.8224036678819846,0.0,0.0,0.0,0.0,0.0,0.0,0.0,0.0,0.0,0.0,0.0,1.0,0.0,0.0,0.0,0.0,0.0,1.0,0.0
-0.0629807359157369,0.2411868937986827,0.5,0.0,0.0,0.0,0.0,1.0,1,1.0,1,1,-0.06505143763353603,,0.0,0.0,0.0,0.0,0.0,0.0,0.0,0.0,1.0,0.0,0.0,0.0,0.0,0.0,0.0,0.0,0.0,1.0,0.0
2.721281442727461,1.893458525206443,0.0,0.0,0.1666666666666666,1.0,0.0,1.0,0,1.1666666666666663,0,2,1.3140680828190279,1.6496306988921676,0.0,0.0,0.0,0.0,0.0,0.0,0.0,0.0,0.0,0.0,0.0,1.0,0.0,0.0,0.0,0.0,0.0,1.0,0.0
-0.1391319035409881,-1.3342348942877864,1.0,0.125,0.0,1.0,0.0,0.0,1,1.125,0,2,-0.14981398436358662,,0.0,0.0,0.0,0.0,0.0,0.0,0.0,1.0,0.0,0.0,0.0,0.0,0.0,0.0,0.0,0.0,0.0,0.0,1.0
-0.2903558311967292,-0.1046374011471275,1.0,0.0,0.0,1.0,1.0,0.0,0,1.0,1,1,-0.3429916052744054,,0.0,0.0,0.0,0.0,0.0,0.0,0.0,0.0,0.0,0.0,0.0,1.0,0.0,0.0,0.0,0.0,0.0,0.0,1.0
-0.3167010255699535,-0.4120367744322922,1.0,0.0,0.0,1.0,0.0,1.0,1,1.0,1,1,-0.3808227781038241,,0.0,0.0,0.0,0.0,0.0,0.0,0.0,0.0,0.0,0.0,0.0,1.0,0.0,0.0,0.0,0.0,0.0,0.0,1.0
0.3423229505924745,-0.1046374011471275,1.0,0.125,0.1666666666666666,0.0,0.0,0.0,1,1.2916666666666663,0,2,0.2944016583258559,0.5850837124655535,0.0,0.0,0.0,0.0,0.0,0.0,0.0,0.0,1.0,0.0,0.0,0.0,0.0,0.0,0.0,0.0,0.0,0.0,1.0
-0.3239207262143995,1.2018099353148226,1.0,0.0,0.0,1.0,0.0,1.0,0,1.0,1,1,-0.3914449409010243,,0.0,0.0,0.0,0.0,0.0,0.0,0.0,0.0,0.0,0.0,0.0,1.0,0.0,0.0,0.0,0.0,0.0,1.0,0.0
-0.2840412999792114,0.2796118154593283,1.0,0.0,0.0,1.0,0.0,0.0,0,1.0,1,1,-0.33413279522034667,,0.0,0.0,0.0,0.0,0.0,0.0,0.0,0.0,0.0,0.0,0.0,1.0,0.0,0.0,0.0,0.0,0.0,1.0,0.0
-0.3206725105675282,-0.719436147717457,1.0,0.0,0.0,1.0,0.0,1.0,0,1.0,1,1,-0.3866519563101637,,0.0,0.0,0.0,0.0,0.0,0.0,0.0,0.0,0.0,0.0,0.0,1.0,0.0,0.0,0.0,0.0,0.0,0.0,1.0
0.0019835770216894,1.3555096219574048,1.0,0.125,0.0,0.0,0.0,1.0,0,1.125,0,1,0.0019816123304375243,0.04453736657784562,0.0,0.0,0.0,0.0,0.0,0.0,0.0,0.0,0.0,0.0,0.0,0.0,1.0,0.0,0.0,0.0,0.0,1.0,0.0
0.5000433095419583,-0.0277875578258363,0.5,0.125,0.0,0.0,0.0,1.0,1,1.125,0,1,0.40549398071931875,0.7071374049942192,0.0,0.0,0.0,0.0,0.0,0.0,0.0,0.0,0.0,0.0,0.0,0.0,1.0,0.0,0.0,0.0,0.0,0.0,1.0
-0.0629807359157369,-0.335186931111001,0.5,0.0,0.0,1.0,0.0,1.0,0,1.0,1,1,-0.06505143763353603,,0.0,0.0,0.0,0.0,0.0,0.0,0.0,0.0,0.0,0.0,0.0,1.0,0.0,0.0,0.0,0.0,0.0,0.0,1.0
0.0256219250225209,-0.4888866177535834,0.5,0.0,0.0,1.0,0.0,0.0,0,1.0,1,1,0.025299184707835615,0.16006850103165488,0.0,0.0,0.0,0.0,0.0,0.0,0.0,0.0,0.0,0.0,0.0,1.0,0.0,0.0,0.0,0.0,0.0,0.0,1.0
0.5123129027787402,-0.7962859910387481,0.0,0.0,0.3333333333333333,0.0,0.0,1.0,1,1.3333333333333333,0,1,0.4136402026291488,0.7157603668678088,0.0,0.0,0.0,0.0,0.0,0.0,0.0,0.0,1.0,0.0,0.0,0.0,0.0,0.0,0.0,0.0,0.0,0.0,1.0
1.6737318966114614,0.5870111887444931,0.0,0.125,0.0,1.0,0.0,1.0,0,1.125,0,2,0.9834752106057543,1.2937279067143375,0.0,0.0,0.0,0.0,0.0,0.0,0.0,0.0,0.0,0.0,0.0,1.0,0.0,0.0,0.0,0.0,0.0,1.0,0.0
-0.2268337260065137,-1.0268355210026217,1.0,0.0,0.0,1.0,0.0,1.0,0,1.0,1,2,-0.25726115133507704,,0.0,0.0,0.0,0.0,0.0,0.0,0.0,0.0,0.0,0.0,0.0,1.0,0.0,0.0,0.0,0.0,0.0,0.0,1.0
2.8041109417226804,-0.4120367744322922,0.0,0.0,0.0,1.0,0.0,0.0,0,1.0,1,2,1.3360823087485836,1.6745479813139665,0.0,0.0,0.0,0.0,0.0,0.0,0.0,0.0,0.0,0.0,0.0,1.0,0.0,0.0,0.0,0.0,0.0,0.0,1.0
0.0342838334141777,-0.1046374011471275,1.0,0.0,0.3333333333333333,0.0,0.0,0.0,0,1.3333333333333333,0,2,0.03370923881845429,0.18515894095122087,0.0,0.0,0.0,0.0,0.0,0.0,0.0,0.0,0.0,0.0,0.0,0.0,1.0,0.0,0.0,0.0,0.0,0.0,1.0
-0.2903558311967292,-0.5657364610748746,1.0,0.0,0.0,0.0,0.0,1.0,1,1.0,1,1,-0.3429916052744054,,0.0,0.0,0.0,0.0,0.0,0.0,0.0,0.0,1.0,0.0,0.0,0.0,0.0,0.0,0.0,0.0,0.0,0.0,1.0
0.0604514586653731,-0.4120367744322922,1.0,0.125,0.0,0.0,0.0,1.0,1,1.125,0,2,0.058694721853735664,0.24586878343005056,0.0,0.0,0.0,0.0,0.0,0.0,0.0,0.0,0.0,0.0,0.0,0.0,1.0,0.0,0.0,0.0,0.0,0.0,1.0
-0.3336653731550135,-0.7962859910387481,1.0,0.0,0.0,1.0,1.0,0.0,0,1.0,1,1,-0.4059632919136321,,0.0,0.0,0.0,0.0,0.0,0.0,0.0,0.0,0.0,0.0,0.0,1.0,0.0,0.0,0.0,0.0,0.0,0.0,1.0
-0.1279450488531633,-0.8731358343600393,0.5,0.0,0.0,1.0,0.0,1.0,0,1.0,1,1,-0.1369028396884429,,0.0,0.0,0.0,0.0,0.0,0.0,0.0,0.0,0.0,0.0,0.0,1.0,0.0,0.0,0.0,0.0,0.0,0.0,1.0
0.965620885593514,-0.7962859910387481,0.5,0.125,0.1666666666666666,1.0,0.0,1.0,0,1.2916666666666663,0,2,0.6758081677247073,0.982660106849522,0.0,0.0,0.0,0.0,0.0,0.0,0.0,0.0,0.0,0.0,0.0,1.0,0.0,0.0,0.0,0.0,0.0,0.0,1.0
-0.2883722541750398,-0.1814872444684187,1.0,0.0,0.0,1.0,0.0,1.0,1,1.0,1,1,-0.34020033319037424,,0.0,0.0,0.0,0.0,0.0,0.0,0.0,0.0,0.0,0.0,0.0,1.0,0.0,0.0,0.0,0.0,0.0,0.0,1.0
0.8627607234425888,-1.56478442425166,1.0,0.25,0.3333333333333333,0.0,0.0,1.0,0,1.5833333333333333,0,4,0.6220596472154754,0.9288491392269193,0.0,0.0,0.0,0.0,0.0,0.0,0.0,0.0,1.0,0.0,0.0,0.0,0.0,0.0,0.0,0.0,0.0,0.0,1.0
0.5000433095419583,0.5485862670838475,0.5,0.0,0.3333333333333333,1.0,0.0,1.0,0,1.3333333333333333,0,3,0.40549398071931875,0.7071374049942192,0.0,0.0,0.0,0.0,0.0,0.0,0.0,0.0,0.0,0.0,0.0,1.0,0.0,0.0,0.0,0.0,0.0,1.0,0.0
-0.0629807359157369,0.9712604053509488,0.5,0.0,0.0,1.0,0.0,1.0,0,1.0,1,1,-0.06505143763353603,,0.0,0.0,0.0,0.0,0.0,0.0,0.0,0.0,0.0,0.0,0.0,0.0,0.0,0.0,1.0,0.0,0.0,1.0,0.0
-0.0835527683459219,1.6629089952425695,0.5,0.0,0.0,1.0,0.0,1.0,0,1.0,1,1,-0.08725078929656575,,0.0,0.0,0.0,0.0,0.0,0.0,0.0,0.0,0.0,0.0,0.0,0.0,0.0,0.0,1.0,0.0,0.0,1.0,0.0
2.2584107130482987,-0.5657364610748746,0.0,0.125,0.0,0.0,0.0,1.0,1,1.125,0,2,1.1812395651714518,1.5028009558981186,0.0,0.0,0.0,0.0,0.0,0.0,0.0,0.0,0.0,0.0,0.0,0.0,1.0,0.0,0.0,0.0,0.0,0.0,1.0
-0.277362968609244,2.00873329018838,1.0,0.0,0.0,1.0,0.0,1.0,0,1.0,1,1,-0.32484821415469367,,0.0,0.0,0.0,0.0,0.0,0.0,0.0,0.0,0.0,0.0,0.0,1.0,0.0,0.0,0.0,0.0,0.0,1.0,0.0
0.0019835770216894,0.8559856403690123,1.0,0.0,0.3333333333333333,1.0,0.0,1.0,0,1.3333333333333333,0,1,0.0019816123304375243,0.04453736657784562,0.0,0.0,0.0,0.0,0.0,0.0,0.0,0.0,0.0,0.0,0.0,1.0,0.0,0.0,0.0,0.0,0.0,1.0,0.0
-0.3093037558034786,-0.1046374011471275,1.0,0.0,0.0,1.0,0.0,1.0,0,1.0,1,1,-0.3700551405789574,,0.0,0.0,0.0,0.0,0.0,0.0,0.0,0.0,0.0,0.0,0.0,1.0,0.0,0.0,0.0,0.0,0.0,0.0,1.0
2.0323002563924883,1.6629089952425695,0.0,0.0,0.1666666666666666,1.0,0.0,0.0,0,1.1666666666666663,0,1,1.1093214920302576,1.4255876880755138,0.0,0.0,0.0,0.0,0.0,0.0,0.0,0.0,0.0,0.0,0.0,1.0,0.0,0.0,0.0,0.0,0.0,1.0,0.0
-0.2910791005474326,-1.0268355210026217,1.0,0.0,0.0,0.0,1.0,0.0,1,1.0,1,1,-0.34401132503144927,,0.0,0.0,0.0,0.0,0.0,0.0,0.0,0.0,1.0,0.0,0.0,0.0,0.0,0.0,0.0,0.0,0.0,0.0,1.0
-0.277362968609244,0.0490622854954548,1.0,0.0,0.0,1.0,0.0,1.0,0,1.0,1,1,-0.32484821415469367,,0.0,0.0,0.0,0.0,0.0,0.0,0.0,0.0,0.0,0.0,0.0,1.0,0.0,0.0,0.0,0.0,0.0,1.0,0.0
-0.2508358741597949,-0.1046374011471275,1.0,0.0,0.0,1.0,0.0,1.0,0,1.0,1,1,-0.28879719284721256,,0.0,0.0,0.0,0.0,0.0,0.0,0.0,0.0,0.0,0.0,0.0,1.0,0.0,0.0,0.0,0.0,0.0,0.0,1.0
2.3861738618252373,-0.1046374011471275,1.0,1.0,0.3333333333333333,1.0,0.0,1.0,0,2.333333333333333,0,7,1.219700629653568,1.5447245261939868,0.0,0.0,0.0,0.0,0.0,0.0,0.0,1.0,0.0,0.0,0.0,0.0,0.0,0.0,0.0,0.0,0.0,0.0,1.0
0.0712788441549442,1.1249600919935314,1.0,0.0,0.1666666666666666,1.0,0.0,1.0,0,1.1666666666666663,0,1,0.06885311626626012,0.2669809808861751,0.0,0.0,0.0,0.0,0.0,0.0,0.0,0.0,0.0,0.0,0.0,1.0,0.0,0.0,0.0,0.0,0.0,1.0,0.0
0.0561205044695447,0.8175607187083667,0.5,0.0,0.0,0.0,0.0,1.0,1,1.0,1,1,0.054602292854561515,0.23689766666124998,0.0,0.0,0.0,0.0,0.0,0.0,0.0,0.0,0.0,0.0,0.0,0.0,1.0,0.0,0.0,0.0,0.0,1.0,0.0
-0.2892730926477721,-0.2583370877897099,1.0,0.0,0.0,1.0,0.0,1.0,0,1.0,1,1,-0.34146701951388614,,0.0,0.0,0.0,0.0,0.0,0.0,0.0,0.0,0.0,0.0,0.0,1.0,0.0,0.0,0.0,0.0,0.0,0.0,1.0
-0.2508358741597949,-0.9499856776813304,1.0,0.0,0.0,1.0,0.0,1.0,0,1.0,1,1,-0.28879719284721256,,0.0,0.0,0.0,0.0,0.0,0.0,0.0,0.0,0.0,0.0,0.0,1.0,0.0,0.0,0.0,0.0,0.0,0.0,1.0
1.092842665095974,-2.179583170821989,1.0,0.5,0.1666666666666666,1.0,0.0,1.0,0,1.6666666666666663,0,6,0.7385232686822532,1.0453911541121697,0.0,0.0,0.0,0.0,0.0,0.0,0.0,1.0,0.0,0.0,0.0,0.0,0.0,0.0,0.0,0.0,0.0,0.0,1.0
0.2629235673203519,-1.56478442425166,1.0,0.0,0.3333333333333333,1.0,0.0,1.0,1,1.3333333333333333,0,3,0.2334293247678229,0.5127607310630874,0.0,0.0,0.0,0.0,0.0,0.0,0.0,1.0,0.0,0.0,0.0,0.0,0.0,0.0,0.0,0.0,0.0,0.0,1.0
1.7560200263322014,-0.1046374011471275,0.0,0.0,0.1666666666666666,0.0,0.0,1.0,1,1.1666666666666663,0,2,1.013787619573561,1.3251490581561765,0.0,0.0,0.0,0.0,0.0,0.0,0.0,0.0,0.0,0.0,0.0,0.0,1.0,0.0,0.0,0.0,0.0,0.0,1.0
0.5823314392626983,1.2018099353148226,1.0,0.125,0.6666666666666666,0.0,0.0,1.0,0,1.7916666666666663,0,6,0.4588993538892099,0.763106440323169,0.0,0.0,0.0,0.0,0.0,0.0,0.0,0.0,0.0,0.0,0.0,0.0,1.0,0.0,0.0,0.0,0.0,1.0,0.0
0.4967950938950869,-0.1046374011471275,0.0,0.0,0.0,1.0,0.0,1.0,0,1.0,1,1,0.4033262182432736,0.7048369271647782,0.0,0.0,0.0,0.0,0.0,0.0,0.0,0.0,0.0,0.0,0.0,1.0,0.0,0.0,0.0,0.0,0.0,0.0,1.0
1.8208024391934032,-0.1046374011471275,1.0,0.0,0.0,1.0,0.0,1.0,0,1.0,1,7,1.0370213973779847,1.3493711273009377,0.0,0.0,0.0,0.0,0.0,0.0,0.0,0.0,0.0,0.0,0.0,1.0,0.0,0.0,0.0,0.0,0.0,0.0,1.0
0.8248648742290902,2.4314074284554814,0.0,0.0,0.0,1.0,0.0,1.0,0,1.0,1,1,0.6015059427749395,0.9082207188944162,0.0,0.0,0.0,0.0,0.0,0.0,0.0,0.0,0.0,0.0,0.0,1.0,0.0,0.0,0.0,0.0,0.0,1.0,0.0
0.6353856281615965,-1.949033640858116,1.0,0.5,0.1666666666666666,1.0,1.0,0.0,0,1.6666666666666663,0,5,0.49187863474185484,0.7971108004296494,0.0,0.0,0.0,0.0,0.0,0.0,0.0,1.0,0.0,0.0,0.0,0.0,0.0,0.0,0.0,0.0,0.0,0.0,1.0
-0.1438266578892661,-2.179583170821989,1.0,0.125,0.1666666666666666,0.0,0.0,1.0,1,1.2916666666666663,0,3,-0.15528242087544106,,0.0,0.0,0.0,0.0,0.0,0.0,0.0,0.0,1.0,0.0,0.0,0.0,0.0,0.0,0.0,0.0,0.0,0.0,1.0
-0.2827766613540295,-0.6425863043961658,1.0,0.0,0.0,1.0,0.0,1.0,0,1.0,1,1,-0.332367996444908,,0.0,0.0,0.0,0.0,0.0,0.0,0.0,0.0,0.0,0.0,0.0,1.0,0.0,0.0,0.0,0.0,0.0,0.0,1.0
0.7034162566696693,2.047158211849025,0.0,0.0,0.0,1.0,0.0,0.0,0,1.0,1,1,0.5326357973388482,0.8386991455043157,0.0,0.0,0.0,0.0,0.0,0.0,0.0,0.0,0.0,0.0,0.0,1.0,0.0,0.0,0.0,0.0,0.0,1.0,0.0
-0.2858429769246761,-0.8731358343600393,1.0,0.125,0.1666666666666666,1.0,0.0,1.0,0,1.2916666666666663,0,1,-0.3366524205479082,,0.0,0.0,0.0,0.0,0.0,0.0,0.0,0.0,0.0,0.0,0.0,1.0,0.0,0.0,0.0,0.0,0.0,0.0,1.0
0.4769463308156052,-0.1046374011471275,1.0,0.375,0.1666666666666666,1.0,0.0,1.0,0,1.5416666666666663,0,4,0.3899766662713167,0.690613010893659,0.0,0.0,0.0,0.0,0.0,0.0,0.0,1.0,0.0,0.0,0.0,0.0,0.0,0.0,0.0,0.0,0.0,0.0,1.0
0.6175204421038042,1.5860591519212783,0.0,0.0,0.0,0.0,0.0,0.0,0,1.0,1,1,0.48089438539887264,0.7858246891666132,0.0,0.0,0.0,0.0,0.0,0.0,0.0,0.0,1.0,0.0,0.0,0.0,0.0,0.0,0.0,0.0,0.0,1.0,0.0
-0.0629807359157369,0.0490622854954548,0.5,0.0,0.0,1.0,0.0,1.0,0,1.0,1,1,-0.06505143763353603,,0.0,0.0,0.0,0.0,0.0,0.0,0.0,0.0,0.0,0.0,0.0,1.0,0.0,0.0,0.0,0.0,0.0,1.0,0.0
-0.6260047813734322,0.5101613454232019,1.0,0.0,0.0,1.0,0.0,1.0,0,1.0,1,4,-0.9835122660702682,,0.0,0.0,0.0,0.0,0.0,0.0,0.0,0.0,0.0,0.0,0.0,1.0,0.0,0.0,0.0,0.0,0.0,1.0,0.0
2.3861738618252373,-0.1046374011471275,1.0,1.0,0.3333333333333333,0.0,0.0,1.0,0,2.333333333333333,0,7,1.219700629653568,1.5447245261939868,0.0,0.0,0.0,0.0,0.0,0.0,0.0,0.0,1.0,0.0,0.0,0.0,0.0,0.0,0.0,0.0,0.0,0.0,1.0
0.0258038250987457,-0.1046374011471275,0.5,0.0,0.0,1.0,0.0,0.0,0,1.0,1,1,0.025476524859377316,0.16063569061309413,0.0,0.0,0.0,0.0,0.0,0.0,0.0,0.0,0.0,0.0,0.0,1.0,0.0,0.0,0.0,0.0,0.0,0.0,1.0
0.7333734668422146,-1.56478442425166,1.0,0.5,0.3333333333333333,1.0,0.0,1.0,0,1.8333333333333333,0,4,0.5500694905986551,0.8563722711777949,0.0,0.0,0.0,0.0,0.0,0.0,0.0,1.0,0.0,0.0,0.0,0.0,0.0,0.0,0.0,0.0,0.0,0.0,1.0
1.0630673549996534,-2.179583170821989,0.5,0.25,0.1666666666666666,1.0,0.0,1.0,1,1.4166666666666663,0,2,0.7241938826107526,1.0310515772742184,0.0,0.0,0.0,0.0,0.0,0.0,0.0,1.0,0.0,0.0,0.0,0.0,0.0,0.0,0.0,0.0,0.0,0.0,1.0
0.3278878802577783,-1.949033640858116,1.0,0.0,0.3333333333333333,0.0,0.0,1.0,1,1.3333333333333333,0,1,0.2835896199733055,0.5726149493837708,0.0,0.0,0.0,0.0,0.0,0.0,0.0,0.0,1.0,0.0,0.0,0.0,0.0,0.0,0.0,0.0,0.0,0.0,1.0
1.5394723165407802,-0.1046374011471275,0.0,0.0,0.0,1.0,0.0,1.0,0,1.0,1,1,0.9319563100541571,1.2407547366586114,0.0,0.0,0.0,0.0,0.0,0.0,0.0,0.0,0.0,0.0,0.0,1.0,0.0,0.0,0.0,0.0,0.0,0.0,1.0
0.0452931189799736,-0.1046374011471275,1.0,0.125,0.0,0.0,1.0,0.0,1,1.125,0,2,0.044297342716502645,0.21282180099786208,0.0,0.0,0.0,0.0,0.0,0.0,0.0,0.0,0.0,0.0,0.0,0.0,1.0,0.0,0.0,0.0,0.0,0.0,1.0
0.5238635576190146,1.2018099353148226,0.0,0.0,0.0,1.0,0.0,1.0,1,1.0,1,1,0.421248924135102,0.723784192711484,0.0,0.0,0.0,0.0,0.0,0.0,0.0,0.0,0.0,0.0,0.0,1.0,0.0,0.0,0.0,0.0,0.0,1.0,0.0
0.0452931189799736,0.8175607187083667,1.0,0.125,0.1666666666666666,1.0,1.0,0.0,0,1.2916666666666663,0,2,0.044297342716502645,0.21282180099786208,0.0,0.0,0.0,0.0,0.0,0.0,0.0,0.0,0.0,0.0,0.0,1.0,0.0,0.0,0.0,0.0,0.0,1.0,0.0
-0.2840412999792114,0.5101613454232019,1.0,0.0,0.0,1.0,0.0,1.0,0,1.0,1,1,-0.33413279522034667,,0.0,0.0,0.0,0.0,0.0,0.0,0.0,0.0,0.0,0.0,0.0,1.0,0.0,0.0,0.0,0.0,0.0,1.0,0.0
-0.0629807359157369,0.2027619721380371,0.5,0.0,0.0,0.0,0.0,1.0,1,1.0,1,1,-0.06505143763353603,,0.0,0.0,0.0,0.0,0.0,0.0,0.0,0.0,0.0,0.0,0.0,0.0,1.0,0.0,0.0,0.0,0.0,1.0,0.0
-0.0629807359157369,-0.7962859910387481,0.5,0.0,0.0,1.0,0.0,1.0,0,1.0,1,1,-0.06505143763353603,,0.0,0.0,0.0,0.0,0.0,0.0,0.0,0.0,0.0,0.0,0.0,1.0,0.0,0.0,0.0,0.0,0.0,0.0,1.0
-0.2858429769246761,-0.7962859910387481,1.0,0.125,0.0,0.0,0.0,1.0,1,1.125,0,1,-0.3366524205479082,,0.0,0.0,0.0,0.0,0.0,0.0,0.0,0.0,1.0,0.0,0.0,0.0,0.0,0.0,0.0,0.0,0.0,0.0,1.0
0.5000433095419583,-2.025883484179407,0.5,0.125,0.1666666666666666,1.0,0.0,1.0,1,1.2916666666666663,0,3,0.40549398071931875,0.7071374049942192,0.0,0.0,0.0,0.0,0.0,0.0,0.0,1.0,0.0,0.0,0.0,0.0,0.0,0.0,0.0,0.0,0.0,0.0,1.0
0.5745703693437738,1.1249600919935314,0.0,0.0,0.0,0.0,0.0,0.0,1,1.0,1,1,0.453982453696959,0.7580042014024552,0.0,0.0,0.0,0.0,0.0,0.0,0.0,0.0,0.0,0.0,0.0,0.0,1.0,0.0,0.0,0.0,0.0,1.0,0.0
5.719743953987942,2.200857898491608,0.0,0.0,0.0,0.0,0.0,0.0,1,1.0,1,2,1.9050500517240276,2.391598618913287,0.0,0.0,0.0,0.0,0.0,0.0,0.0,0.0,1.0,0.0,0.0,0.0,0.0,0.0,0.0,0.0,0.0,1.0,0.0
-0.2903558311967292,-0.1046374011471275,1.0,0.0,0.0,1.0,1.0,0.0,0,1.0,1,1,-0.3429916052744054,,0.0,0.0,0.0,0.0,0.0,0.0,0.0,0.0,0.0,0.0,0.0,1.0,0.0,0.0,0.0,0.0,0.0,0.0,1.0
-0.2620227288476197,0.9712604053509488,1.0,0.0,0.1666666666666666,1.0,0.0,1.0,0,1.1666666666666663,0,1,-0.30384225275243315,,0.0,0.0,0.0,0.0,0.0,0.0,0.0,0.0,0.0,0.0,0.0,1.0,0.0,0.0,0.0,0.0,0.0,1.0,0.0
-0.2903558311967292,-0.1046374011471275,1.0,0.0,0.0,0.0,1.0,0.0,1,1.0,1,1,-0.3429916052744054,,0.0,0.0,0.0,0.0,0.0,0.0,0.0,0.0,1.0,0.0,0.0,0.0,0.0,0.0,0.0,0.0,0.0,0.0,1.0
-0.0629807359157369,-0.4120367744322922,0.5,0.0,0.0,0.0,0.0,1.0,0,1.0,1,1,-0.06505143763353603,,0.0,0.0,0.0,0.0,0.0,0.0,0.0,0.0,1.0,0.0,0.0,0.0,0.0,0.0,0.0,0.0,0.0,0.0,1.0
-0.2145641327697318,-0.1046374011471275,1.0,0.0,0.0,1.0,0.0,1.0,0,1.0,1,1,-0.24151647041180774,,0.0,0.0,0.0,0.0,0.0,0.0,0.0,0.0,0.0,0.0,0.0,1.0,0.0,0.0,0.0,0.0,0.0,0.0,1.0
2.3861738618252373,-0.1046374011471275,1.0,1.0,0.3333333333333333,1.0,0.0,1.0,0,2.333333333333333,0,7,1.219700629653568,1.5447245261939868,0.0,0.0,0.0,0.0,0.0,0.0,0.0,0.0,0.0,0.0,0.0,1.0,0.0,0.0,0.0,0.0,0.0,0.0,1.0
-0.3446746587208094,0.3564616587806195,1.0,0.0,0.0,1.0,0.0,1.0,0,1.0,1,1,-0.4226234624205656,,0.0,0.0,0.0,0.0,0.0,0.0,0.0,0.0,0.0,0.0,0.0,1.0,0.0,0.0,0.0,0.0,0.0,1.0,0.0
-0.3130933407248285,1.2402348569754682,1.0,0.0,0.0,1.0,0.0,0.0,0,1.0,1,1,-0.37555686313005193,,0.0,0.0,0.0,0.0,0.0,0.0,0.0,0.0,0.0,0.0,0.0,1.0,0.0,0.0,0.0,0.0,0.0,1.0,0.0
-0.277362968609244,-0.8731358343600393,1.0,0.0,0.0,1.0,0.0,1.0,1,1.0,1,1,-0.32484821415469367,,0.0,0.0,0.0,0.0,0.0,0.0,0.0,0.0,0.0,0.0,0.0,1.0,0.0,0.0,0.0,0.0,0.0,0.0,1.0
-0.1728786986348832,-2.1027333275006983,1.0,0.0,0.1666666666666666,0.0,0.0,1.0,0,1.1666666666666663,0,2,-0.18980391833575636,,0.0,0.0,0.0,0.0,0.0,0.0,0.0,0.0,1.0,0.0,0.0,0.0,0.0,0.0,0.0,0.0,0.0,0.0,1.0
0.0604514586653731,0.2027619721380371,1.0,0.125,0.0,1.0,0.0,1.0,0,1.125,0,2,0.058694721853735664,0.24586878343005056,0.0,0.0,0.0,0.0,0.0,0.0,0.0,0.0,0.0,0.0,0.0,1.0,0.0,0.0,0.0,0.0,0.0,1.0,0.0
0.1876732381678331,-0.2583370877897099,1.0,0.0,0.0,1.0,0.0,0.0,1,1.0,1,2,0.17199613105942266,0.4332126939135476,0.0,0.0,0.0,0.0,0.0,0.0,0.0,0.0,0.0,0.0,0.0,1.0,0.0,0.0,0.0,0.0,0.0,0.0,1.0
-0.2903558311967292,-1.0268355210026217,1.0,0.0,0.0,0.0,1.0,0.0,1,1.0,1,1,-0.3429916052744054,,0.0,0.0,0.0,0.0,0.0,0.0,0.0,0.0,1.0,0.0,0.0,0.0,0.0,0.0,0.0,0.0,0.0,0.0,1.0
0.7165910193333795,0.8175607187083667,0.0,0.0,0.0,1.0,0.0,0.0,1,1.0,1,1,0.5403403586288423,0.8465169929383459,0.0,0.0,0.0,0.0,0.0,0.0,0.0,0.0,0.0,0.0,0.0,1.0,0.0,0.0,0.0,0.0,0.0,1.0,0.0
-0.3206725105675282,-0.4120367744322922,1.0,0.0,0.0,1.0,0.0,1.0,0,1.0,1,1,-0.3866519563101637,,0.0,0.0,0.0,0.0,0.0,0.0,0.0,0.0,0.0,0.0,0.0,1.0,0.0,0.0,0.0,0.0,0.0,0.0,1.0
0.283495599750537,0.4333115021019107,0.5,0.0,0.0,0.0,0.0,1.0,1,1.0,1,1,0.24958729300260246,0.5324430483634255,0.0,0.0,0.0,0.0,0.0,0.0,0.0,0.0,1.0,0.0,0.0,0.0,0.0,0.0,0.0,0.0,0.0,1.0,0.0
-0.3120106021758714,-0.5657364610748746,1.0,0.0,0.0,1.0,0.0,1.0,0,1.0,1,1,-0.3739818513068788,,0.0,0.0,0.0,0.0,0.0,0.0,0.0,0.0,0.0,0.0,0.0,1.0,0.0,0.0,0.0,0.0,0.0,0.0,1.0
-0.0629807359157369,0.0490622854954548,0.5,0.0,0.0,1.0,0.0,1.0,0,1.0,1,1,-0.06505143763353603,,0.0,0.0,0.0,0.0,0.0,0.0,0.0,0.0,0.0,0.0,0.0,1.0,0.0,0.0,0.0,0.0,0.0,1.0,0.0
-0.2903558311967292,-0.1046374011471275,1.0,0.125,0.0,1.0,1.0,0.0,0,1.125,0,1,-0.3429916052744054,,0.0,0.0,0.0,0.0,0.0,0.0,0.0,0.0,0.0,0.0,0.0,1.0,0.0,0.0,0.0,0.0,0.0,0.0,1.0
4.279883583951216,0.125912128816746,0.0,0.125,0.0,0.0,0.0,0.0,1,1.125,0,3,1.6639040489810106,2.068787950455826,0.0,0.0,0.0,0.0,0.0,0.0,0.0,0.0,1.0,0.0,0.0,0.0,0.0,0.0,0.0,0.0,0.0,1.0,0.0
-0.2827766613540295,-0.1814872444684187,1.0,0.0,0.0,0.0,0.0,1.0,1,1.0,1,1,-0.332367996444908,,0.0,0.0,0.0,0.0,0.0,0.0,0.0,0.0,1.0,0.0,0.0,0.0,0.0,0.0,0.0,0.0,0.0,0.0,1.0
0.5433528515002425,0.9712604053509488,0.5,0.125,0.0,1.0,0.0,1.0,0,1.125,0,2,0.4339572261104797,0.7371247190945658,0.0,0.0,0.0,0.0,0.0,0.0,0.0,0.0,0.0,0.0,0.0,1.0,0.0,0.0,0.0,0.0,0.0,1.0,0.0
2.6781538008454024,0.2027619721380371,0.0,0.0,0.0,0.0,0.0,0.0,1,1.0,1,1,1.3024109417421594,1.6365065844185909,0.0,0.0,0.0,0.0,0.0,0.0,0.0,0.0,1.0,0.0,0.0,0.0,0.0,0.0,0.0,0.0,0.0,1.0,0.0
-0.1712545908114476,0.0490622854954548,0.5,0.0,0.0,1.0,0.0,1.0,0,1.0,1,1,-0.1878422769380683,,0.0,0.0,0.0,0.0,0.0,0.0,0.0,0.0,0.0,0.0,0.0,1.0,0.0,0.0,0.0,0.0,0.0,1.0,0.0
-0.277362968609244,-1.0268355210026217,1.0,0.0,0.0,1.0,0.0,1.0,1,1.0,1,1,-0.32484821415469367,,0.0,0.0,0.0,0.0,0.0,0.0,0.0,0.0,0.0,0.0,0.0,1.0,0.0,0.0,0.0,0.0,0.0,0.0,1.0
-0.0629807359157369,-0.1814872444684187,0.5,0.0,0.0,1.0,0.0,1.0,0,1.0,1,1,-0.06505143763353603,,0.0,0.0,0.0,0.0,0.0,0.0,0.0,0.0,0.0,0.0,0.0,1.0,0.0,0.0,0.0,0.0,0.0,0.0,1.0
-0.277362968609244,1.6629089952425695,1.0,0.0,0.0,1.0,0.0,1.0,0,1.0,1,1,-0.32484821415469367,,0.0,0.0,0.0,0.0,0.0,0.0,0.0,0.0,0.0,0.0,0.0,1.0,0.0,0.0,0.0,0.0,0.0,1.0,0.0
-0.2840412999792114,-0.1046374011471275,1.0,0.0,0.0,1.0,0.0,1.0,0,1.0,1,1,-0.33413279522034667,,0.0,0.0,0.0,0.0,0.0,0.0,0.0,0.0,0.0,0.0,0.0,1.0,0.0,0.0,0.0,0.0,0.0,0.0,1.0
3.27185399487215,0.6638610320657843,0.0,0.125,0.0,1.0,0.0,1.0,1,1.125,0,2,1.4520479238435369,1.8088266901149348,0.0,0.0,0.0,0.0,0.0,0.0,0.0,0.0,0.0,0.0,0.0,1.0,0.0,0.0,0.0,0.0,0.0,1.0,0.0
-0.2210605640634745,-0.5657364610748746,1.0,0.0,0.0,1.0,0.0,1.0,0,1.0,1,1,-0.24982198204322528,,0.0,0.0,0.0,0.0,0.0,0.0,0.0,0.0,0.0,0.0,0.0,1.0,0.0,0.0,0.0,0.0,0.0,0.0,1.0
-0.1712545908114476,-0.7962859910387481,0.5,0.0,0.0,1.0,0.0,1.0,1,1.0,1,1,-0.1878422769380683,,0.0,0.0,0.0,0.0,0.0,0.0,0.0,0.0,0.0,0.0,0.0,1.0,0.0,0.0,0.0,0.0,0.0,0.0,1.0
-0.3120106021758714,-0.6810112260568114,1.0,0.0,0.0,1.0,0.0,1.0,0,1.0,1,1,-0.3739818513068788,,0.0,0.0,0.0,0.0,0.0,0.0,0.0,0.0,0.0,0.0,0.0,1.0,0.0,0.0,0.0,0.0,0.0,0.0,1.0
-0.0629807359157369,-0.8731358343600393,0.5,0.0,0.0,1.0,0.0,1.0,0,1.0,1,1,-0.06505143763353603,,0.0,0.0,0.0,0.0,0.0,0.0,0.0,0.0,0.0,0.0,0.0,1.0,0.0,0.0,0.0,0.0,0.0,0.0,1.0
0.4769463308156052,-0.1046374011471275,1.0,0.375,0.1666666666666666,0.0,0.0,1.0,0,1.5416666666666663,0,4,0.3899766662713167,0.690613010893659,0.0,0.0,0.0,0.0,0.0,0.0,0.0,0.0,1.0,0.0,0.0,0.0,0.0,0.0,0.0,0.0,0.0,0.0,1.0
2.9892592335943453,0.4333115021019107,0.0,0.125,0.0,0.0,0.0,1.0,1,1.125,0,2,1.383605557924846,1.728947435173882,0.0,0.0,0.0,0.0,0.0,0.0,0.0,0.0,0.0,0.0,0.0,0.0,1.0,0.0,0.0,0.0,0.0,1.0,0.0
-0.2892730926477721,-0.0277875578258363,1.0,0.0,0.0,1.0,0.0,1.0,0,1.0,1,1,-0.34146701951388614,,0.0,0.0,0.0,0.0,0.0,0.0,0.0,0.0,0.0,0.0,0.0,1.0,0.0,0.0,0.0,0.0,0.0,0.0,1.0
-0.0413259649365948,2.277707741812899,0.5,0.0,0.0,1.0,0.0,1.0,0,1.0,1,1,-0.042204162750455194,,0.0,0.0,0.0,0.0,0.0,0.0,0.0,0.0,0.0,0.0,0.0,1.0,0.0,0.0,0.0,0.0,0.0,1.0,0.0
0.7333734668422146,-1.8721837975368247,1.0,0.5,0.3333333333333333,0.0,0.0,1.0,1,1.8333333333333333,0,4,0.5500694905986551,0.8563722711777949,0.0,0.0,0.0,0.0,0.0,0.0,0.0,0.0,1.0,0.0,0.0,0.0,0.0,0.0,0.0,0.0,0.0,0.0,1.0
-0.1712545908114476,-0.4120367744322922,0.5,0.0,0.0,1.0,0.0,1.0,0,1.0,1,1,-0.1878422769380683,,0.0,0.0,0.0,0.0,0.0,0.0,0.0,0.0,0.0,0.0,0.0,1.0,0.0,0.0,0.0,0.0,0.0,0.0,1.0
-0.2990177395883861,-0.1046374011471275,1.0,0.0,0.0,0.0,0.0,1.0,0,1.0,1,1,-0.35527269838527875,,0.0,0.0,0.0,0.0,0.0,0.0,0.0,0.0,1.0,0.0,0.0,0.0,0.0,0.0,0.0,0.0,0.0,0.0,1.0
0.5000433095419583,1.1249600919935314,0.5,0.125,0.0,1.0,0.0,1.0,0,1.125,0,1,0.40549398071931875,0.7071374049942192,0.0,0.0,0.0,0.0,0.0,0.0,0.0,0.0,0.0,0.0,0.0,1.0,0.0,0.0,0.0,0.0,0.0,1.0,0.0
0.5108706950315294,-1.6416342675729512,0.5,0.0,0.3333333333333333,0.0,0.0,1.0,1,1.3333333333333333,0,3,0.41268610387202437,0.7147521913443353,0.0,0.0,0.0,0.0,0.0,0.0,0.0,0.0,1.0,0.0,0.0,0.0,0.0,0.0,0.0,0.0,0.0,0.0,1.0
-0.1712545908114476,-0.7962859910387481,0.5,0.0,0.0,1.0,0.0,1.0,0,1.0,1,1,-0.1878422769380683,,0.0,0.0,0.0,0.0,0.0,0.0,0.0,0.0,0.0,0.0,0.0,1.0,0.0,0.0,0.0,0.0,0.0,0.0,1.0
-0.094380153835493,0.2796118154593283,0.5,0.0,0.0,1.0,0.0,1.0,0,1.0,1,1,-0.0991356568390418,,0.0,0.0,0.0,0.0,0.0,0.0,0.0,0.0,0.0,0.0,0.0,1.0,0.0,0.0,0.0,0.0,0.0,1.0,0.0
0.0,-0.1046374011471275,1.0,0.125,0.0,0.0,0.0,0.0,0,1.125,0,2,0.0,0.0,0.0,0.0,0.0,0.0,0.0,0.0,0.0,0.0,1.0,0.0,0.0,0.0,0.0,0.0,0.0,0.0,0.0,0.0,1.0
0.0452931189799736,-0.1046374011471275,1.0,0.125,0.0,0.0,1.0,0.0,1,1.125,0,2,0.044297342716502645,0.21282180099786208,0.0,0.0,0.0,0.0,0.0,0.0,0.0,0.0,1.0,0.0,0.0,0.0,0.0,0.0,0.0,0.0,0.0,0.0,1.0
-0.1712545908114476,-0.0277875578258363,0.5,0.0,0.0,1.0,0.0,1.0,0,1.0,1,1,-0.1878422769380683,,0.0,0.0,0.0,0.0,0.0,0.0,0.0,0.0,0.0,0.0,0.0,1.0,0.0,0.0,0.0,0.0,0.0,0.0,1.0
-0.3174242949206569,-0.5657364610748746,1.0,0.0,0.0,1.0,0.0,1.0,0,1.0,1,1,-0.38188183488136807,,0.0,0.0,0.0,0.0,0.0,0.0,0.0,0.0,0.0,0.0,0.0,1.0,0.0,0.0,0.0,0.0,0.0,0.0,1.0
-0.3130933407248285,0.0490622854954548,1.0,0.0,0.0,1.0,0.0,0.0,0,1.0,1,1,-0.37555686313005193,,0.0,0.0,0.0,0.0,0.0,0.0,0.0,0.0,0.0,0.0,0.0,1.0,0.0,0.0,0.0,0.0,0.0,1.0,0.0
3.27185399487215,1.1249600919935314,0.0,0.25,0.0,1.0,1.0,0.0,0,1.25,0,2,1.4520479238435369,1.8088266901149348,0.0,0.0,0.0,1.0,0.0,0.0,0.0,0.0,0.0,0.0,0.0,0.0,0.0,0.0,0.0,0.0,0.0,1.0,0.0
-0.2892730926477721,-0.335186931111001,1.0,0.0,0.0,0.0,0.0,1.0,0,1.0,1,1,-0.34146701951388614,,0.0,0.0,0.0,0.0,0.0,0.0,0.0,0.0,1.0,0.0,0.0,0.0,0.0,0.0,0.0,0.0,0.0,0.0,1.0
0.0019835770216894,-0.4120367744322922,0.5,0.0,0.3333333333333333,0.0,0.0,1.0,1,1.3333333333333333,0,2,0.0019816123304375243,0.04453736657784562,0.0,0.0,0.0,0.0,0.0,0.0,0.0,0.0,0.0,0.0,0.0,0.0,1.0,0.0,0.0,0.0,0.0,0.0,1.0
1.6500935486106298,0.5870111887444931,0.0,0.125,0.1666666666666666,1.0,0.0,1.0,1,1.2916666666666663,0,2,0.9745949407375543,1.2845596710976994,0.0,0.0,0.0,0.0,0.0,0.0,0.0,0.0,0.0,0.0,0.0,1.0,0.0,0.0,0.0,0.0,0.0,1.0,0.0
0.5000433095419583,1.893458525206443,0.5,0.125,0.0,1.0,0.0,1.0,0,1.125,0,2,0.40549398071931875,0.7071374049942192,0.0,0.0,0.0,0.0,0.0,0.0,0.0,0.0,0.0,0.0,0.0,0.0,0.0,0.0,1.0,0.0,0.0,1.0,0.0
-0.3120106021758714,-0.1046374011471275,1.0,0.0,0.0,1.0,0.0,1.0,0,1.0,1,1,-0.3739818513068788,,0.0,0.0,0.0,0.0,0.0,0.0,0.0,0.0,0.0,0.0,0.0,1.0,0.0,0.0,0.0,0.0,0.0,0.0,1.0
-0.1728786986348832,-0.0277875578258363,1.0,0.125,0.1666666666666666,0.0,0.0,1.0,0,1.2916666666666663,0,2,-0.18980391833575636,,0.0,0.0,0.0,0.0,0.0,0.0,0.0,0.0,0.0,0.0,0.0,0.0,1.0,0.0,0.0,0.0,0.0,0.0,1.0
0.5238635576190146,2.5082572717767726,0.0,0.0,0.0,1.0,0.0,1.0,0,1.0,1,1,0.421248924135102,0.723784192711484,0.0,0.0,0.0,0.0,0.0,0.0,0.0,0.0,0.0,0.0,0.0,1.0,0.0,0.0,0.0,0.0,0.0,1.0,0.0
0.0712788441549442,0.0490622854954548,1.0,0.125,0.0,1.0,0.0,1.0,0,1.125,0,2,0.06885311626626012,0.2669809808861751,0.0,0.0,0.0,0.0,0.0,0.0,0.0,0.0,0.0,0.0,0.0,1.0,0.0,0.0,0.0,0.0,0.0,1.0,0.0
0.2493893354583881,0.8944105620296577,1.0,0.0,0.3333333333333333,0.0,0.0,1.0,0,1.3333333333333333,0,2,0.2226549003104628,0.4993889620910619,0.0,0.0,0.0,0.0,0.0,0.0,0.0,0.0,0.0,0.0,0.0,0.0,1.0,0.0,0.0,0.0,0.0,1.0,0.0
0.0342838334141777,-0.0277875578258363,1.0,0.0,0.3333333333333333,0.0,0.0,0.0,1,1.3333333333333333,0,1,0.03370923881845429,0.18515894095122087,0.0,0.0,0.0,0.0,0.0,0.0,0.0,0.0,0.0,0.0,0.0,0.0,1.0,0.0,0.0,0.0,0.0,0.0,1.0
2.8041109417226804,-0.1046374011471275,0.0,0.0,0.0,0.0,0.0,0.0,1,1.0,1,1,1.3360823087485836,1.6745479813139665,0.0,0.0,0.0,0.0,0.0,0.0,0.0,0.0,0.0,0.0,0.0,0.0,1.0,0.0,0.0,0.0,0.0,0.0,1.0
3.120270598018155,0.0490622854954548,0.0,0.0,0.0,0.0,0.0,1.0,1,1.0,1,3,1.4159188403352756,1.7664287695851637,0.0,0.0,0.0,0.0,0.0,0.0,0.0,0.0,1.0,0.0,0.0,0.0,0.0,0.0,0.0,0.0,0.0,1.0,0.0
21.56273820248077,0.4333115021019107,0.0,0.0,0.0,0.0,0.0,0.0,1,1.0,1,3,3.116299793488041,4.643569553961776,0.0,0.0,0.0,0.0,0.0,0.0,0.0,0.0,1.0,0.0,0.0,0.0,0.0,0.0,0.0,0.0,0.0,1.0,0.0
0.5000433095419583,1.5860591519212783,0.5,0.0,0.1666666666666666,0.0,0.0,1.0,1,1.1666666666666663,0,2,0.40549398071931875,0.7071374049942192,0.0,0.0,0.0,0.0,0.0,0.0,0.0,0.0,0.0,0.0,0.0,0.0,1.0,0.0,0.0,0.0,0.0,1.0,0.0
-0.2903558311967292,-0.1046374011471275,1.0,0.0,0.0,1.0,1.0,0.0,0,1.0,1,1,-0.3429916052744054,,0.0,0.0,0.0,0.0,0.0,0.0,0.0,0.0,0.0,0.0,0.0,1.0,0.0,0.0,0.0,0.0,0.0,0.0,1.0
0.7333734668422146,-2.025883484179407,1.0,0.5,0.3333333333333333,1.0,0.0,1.0,1,1.8333333333333333,0,4,0.5500694905986551,0.8563722711777949,0.0,0.0,0.0,0.0,0.0,0.0,0.0,1.0,0.0,0.0,0.0,0.0,0.0,0.0,0.0,0.0,0.0,0.0,1.0
2.8236002356039083,1.7397588385638607,0.0,0.125,0.1666666666666666,1.0,0.0,1.0,0,1.2916666666666663,0,3,1.3411924488258147,1.6803571750089052,0.0,0.0,0.0,0.0,0.0,0.0,0.0,0.0,0.0,0.0,0.0,1.0,0.0,0.0,0.0,0.0,0.0,1.0,0.0
-0.6260047813734322,0.8175607187083667,0.0,0.0,0.0,1.0,0.0,1.0,0,1.0,1,1,-0.9835122660702682,,0.0,0.0,0.0,0.0,0.0,0.0,0.0,0.0,0.0,0.0,0.0,1.0,0.0,0.0,0.0,0.0,0.0,1.0,0.0
-0.2903558311967292,-0.1046374011471275,1.0,0.0,0.0,0.0,1.0,0.0,0,1.0,1,1,-0.3429916052744054,,0.0,0.0,0.0,0.0,0.0,0.0,0.0,0.0,1.0,0.0,0.0,0.0,0.0,0.0,0.0,0.0,0.0,0.0,1.0
-0.1712545908114476,0.5101613454232019,0.5,0.0,0.0,1.0,0.0,1.0,0,1.0,1,1,-0.1878422769380683,,0.0,0.0,0.0,0.0,0.0,0.0,0.0,0.0,0.0,0.0,0.0,1.0,0.0,0.0,0.0,0.0,0.0,1.0,0.0
1.092842665095974,-1.0268355210026217,1.0,0.5,0.1666666666666666,1.0,0.0,1.0,0,1.6666666666666663,0,6,0.7385232686822532,1.0453911541121697,0.0,0.0,0.0,0.0,0.0,0.0,0.0,0.0,0.0,0.0,0.0,1.0,0.0,0.0,0.0,0.0,0.0,0.0,1.0
-0.2892730926477721,-0.335186931111001,1.0,0.125,0.0,1.0,0.0,1.0,1,1.125,0,1,-0.34146701951388614,,0.0,0.0,0.0,0.0,0.0,0.0,0.0,0.0,0.0,0.0,0.0,1.0,0.0,0.0,0.0,0.0,0.0,0.0,1.0
6.020385801399765,2.200857898491608,0.0,0.0,0.1666666666666666,0.0,0.0,1.0,1,1.1666666666666663,0,3,1.9488181739919677,2.453647448473347,0.0,0.0,0.0,0.0,0.0,0.0,0.0,0.0,0.0,0.0,0.0,0.0,1.0,0.0,0.0,0.0,0.0,1.0,0.0
5.248211315917122,0.4333115021019107,0.0,0.0,0.0,0.0,0.0,1.0,1,1.0,1,3,1.832295233335033,2.290897491359472,0.0,0.0,0.0,0.0,0.0,0.0,0.0,0.0,1.0,0.0,0.0,0.0,0.0,0.0,0.0,0.0,0.0,1.0,0.0
0.7165910193333795,-0.1046374011471275,0.0,0.0,0.0,1.0,0.0,1.0,0,1.0,1,2,0.5403403586288423,0.8465169929383459,0.0,0.0,0.0,0.0,0.0,0.0,0.0,0.0,0.0,0.0,0.0,1.0,0.0,0.0,0.0,0.0,0.0,0.0,1.0
-0.6260047813734322,-0.335186931111001,1.0,0.0,0.0,1.0,0.0,1.0,1,1.0,1,4,-0.9835122660702682,,0.0,0.0,0.0,0.0,0.0,0.0,0.0,0.0,0.0,0.0,0.0,1.0,0.0,0.0,0.0,0.0,0.0,0.0,1.0
0.2185312868131106,0.8944105620296577,0.5,0.0,0.1666666666666666,0.0,0.0,1.0,1,1.1666666666666663,0,2,0.19764627025173245,0.46747330064198384,0.0,0.0,0.0,0.0,0.0,0.0,0.0,0.0,0.0,0.0,0.0,0.0,1.0,0.0,0.0,0.0,0.0,1.0,0.0
0.6602886147876099,0.5870111887444931,0.0,0.0,0.1666666666666666,1.0,0.0,0.0,0,1.1666666666666663,0,1,0.5069914515856865,0.8125814511712718,0.0,0.0,0.0,0.0,0.0,0.0,0.0,0.0,0.0,0.0,0.0,1.0,0.0,0.0,0.0,0.0,0.0,1.0,0.0
-0.2903558311967292,-0.1046374011471275,1.0,0.0,0.0,0.0,1.0,0.0,1,1.0,1,1,-0.3429916052744054,,0.0,0.0,0.0,0.0,0.0,0.0,0.0,0.0,1.0,0.0,0.0,0.0,0.0,0.0,0.0,0.0,0.0,0.0,1.0
2.7503334834730784,2.585107115098064,0.0,0.125,0.0,0.0,0.0,1.0,1,1.125,0,3,1.321844764954531,1.6584129411799338,0.0,0.0,0.0,0.0,0.0,0.0,0.0,0.0,1.0,0.0,0.0,0.0,0.0,0.0,0.0,0.0,0.0,1.0,0.0
-0.2903558311967292,1.2018099353148226,1.0,0.0,0.0,0.0,0.0,1.0,0,1.0,1,1,-0.3429916052744054,,0.0,0.0,0.0,0.0,0.0,0.0,0.0,0.0,1.0,0.0,0.0,0.0,0.0,0.0,0.0,0.0,0.0,1.0,0.0
-0.6260047813734322,-0.1046374011471275,0.5,0.0,0.0,1.0,0.0,1.0,0,1.0,1,3,-0.9835122660702682,,0.0,0.0,0.0,0.0,0.0,0.0,0.0,0.0,0.0,0.0,0.0,1.0,0.0,0.0,0.0,0.0,0.0,0.0,1.0
0.6353856281615965,-1.7184841108942424,1.0,0.5,0.1666666666666666,1.0,1.0,0.0,0,1.6666666666666663,0,5,0.49187863474185484,0.7971108004296494,0.0,0.0,0.0,0.0,0.0,0.0,0.0,1.0,0.0,0.0,0.0,0.0,0.0,0.0,0.0,0.0,0.0,0.0,1.0
0.2510134432818238,0.4333115021019107,1.0,0.125,0.1666666666666666,0.0,0.0,1.0,1,1.2916666666666663,0,2,0.22395397745567205,0.5010124182910278,0.0,0.0,0.0,0.0,0.0,0.0,0.0,0.0,0.0,0.0,0.0,0.0,1.0,0.0,0.0,0.0,0.0,1.0,0.0
-0.2903558311967292,2.738806801740646,1.0,0.0,0.0,1.0,1.0,0.0,0,1.0,1,1,-0.3429916052744054,,0.0,0.0,0.0,0.0,0.0,0.0,0.0,0.0,0.0,0.0,0.0,1.0,0.0,0.0,0.0,0.0,0.0,1.0,0.0
-0.2858429769246761,-0.1046374011471275,1.0,0.0,0.0,1.0,0.0,1.0,0,1.0,1,1,-0.3366524205479082,,0.0,0.0,0.0,0.0,0.0,0.0,0.0,0.0,0.0,0.0,0.0,1.0,0.0,0.0,0.0,0.0,0.0,0.0,1.0
-0.2145641327697318,-1.0268355210026217,1.0,0.0,0.0,1.0,0.0,1.0,0,1.0,1,1,-0.24151647041180774,,0.0,0.0,0.0,0.0,0.0,0.0,0.0,0.0,0.0,0.0,0.0,1.0,0.0,0.0,0.0,0.0,0.0,0.0,1.0
-0.277362968609244,-0.7962859910387481,1.0,0.0,0.0,1.0,0.0,1.0,1,1.0,1,1,-0.32484821415469367,,0.0,0.0,0.0,0.0,0.0,0.0,0.0,0.0,0.0,0.0,0.0,1.0,0.0,0.0,0.0,0.0,0.0,0.0,1.0
0.5000433095419583,-0.1046374011471275,0.0,0.0,0.0,1.0,0.0,1.0,0,1.0,1,1,0.40549398071931875,0.7071374049942192,0.0,0.0,0.0,0.0,0.0,0.0,0.0,0.0,0.0,0.0,0.0,1.0,0.0,0.0,0.0,0.0,0.0,0.0,1.0
-0.2508358741597949,0.2796118154593283,1.0,0.0,0.0,1.0,0.0,0.0,0,1.0,1,1,-0.28879719284721256,,0.0,0.0,0.0,0.0,0.0,0.0,0.0,0.0,0.0,0.0,0.0,1.0,0.0,0.0,0.0,0.0,0.0,1.0,0.0
-0.2145641327697318,0.0490622854954548,1.0,0.0,0.0,1.0,0.0,1.0,1,1.0,1,1,-0.24151647041180774,,0.0,0.0,0.0,0.0,0.0,0.0,0.0,0.0,0.0,0.0,0.0,1.0,0.0,0.0,0.0,0.0,0.0,1.0,0.0
-0.2840412999792114,-0.5657364610748746,1.0,0.0,0.0,1.0,0.0,1.0,0,1.0,1,1,-0.33413279522034667,,0.0,0.0,0.0,0.0,0.0,0.0,0.0,0.0,0.0,0.0,0.0,1.0,0.0,0.0,0.0,0.0,0.0,0.0,1.0
-0.0629807359157369,0.9712604053509488,0.5,0.0,0.0,1.0,0.0,1.0,1,1.0,1,1,-0.06505143763353603,,0.0,0.0,0.0,0.0,0.0,0.0,0.0,0.0,0.0,0.0,0.0,1.0,0.0,0.0,0.0,0.0,0.0,1.0,0.0
-0.2903558311967292,-0.5657364610748746,1.0,0.0,0.0,0.0,1.0,0.0,1,1.0,1,1,-0.3429916052744054,,0.0,0.0,0.0,0.0,0.0,0.0,0.0,0.0,1.0,0.0,0.0,0.0,0.0,0.0,0.0,0.0,0.0,0.0,1.0
2.788952602037281,-0.2583370877897099,0.0,0.0,0.0,0.0,0.0,1.0,1,1.0,1,2,1.3320896225988337,1.6700157490386973,0.0,0.0,0.0,0.0,0.0,0.0,0.0,0.0,1.0,0.0,0.0,0.0,0.0,0.0,0.0,0.0,0.0,0.0,1.0
3.3185936525535307,-0.7962859910387481,0.0,0.125,0.0,0.0,0.0,0.0,1,1.125,0,2,1.46292980586488,1.8217007582348783,0.0,0.0,0.0,0.0,0.0,0.0,0.0,0.0,0.0,0.0,0.0,0.0,1.0,0.0,0.0,0.0,0.0,0.0,1.0
-0.0683944286605224,0.5101613454232019,0.5,0.0,0.0,1.0,0.0,0.0,0,1.0,1,1,-0.07084576059108137,,0.0,0.0,0.0,0.0,0.0,0.0,0.0,0.0,0.0,0.0,0.0,1.0,0.0,0.0,0.0,0.0,0.0,1.0,0.0
-0.2427153350426166,-0.4120367744322922,1.0,0.0,0.0,0.0,0.0,1.0,0,1.0,1,1,-0.2780160526945047,,0.0,0.0,0.0,0.0,0.0,0.0,0.0,0.0,1.0,0.0,0.0,0.0,0.0,0.0,0.0,0.0,0.0,0.0,1.0
-0.2840412999792114,-0.4120367744322922,1.0,0.0,0.0,1.0,0.0,1.0,0,1.0,1,1,-0.33413279522034667,,0.0,0.0,0.0,0.0,0.0,0.0,0.0,0.0,0.0,0.0,0.0,1.0,0.0,0.0,0.0,0.0,0.0,0.0,1.0
0.5745703693437738,-0.1046374011471275,0.0,0.0,0.0,1.0,0.0,0.0,0,1.0,1,1,0.453982453696959,0.7580042014024552,0.0,0.0,0.0,0.0,0.0,0.0,0.0,0.0,0.0,0.0,0.0,1.0,0.0,0.0,0.0,0.0,0.0,0.0,1.0
-0.3129114406486037,-0.4504616960929378,1.0,0.0,0.0,1.0,0.0,0.0,0,1.0,1,1,-0.37529208771479355,,0.0,0.0,0.0,0.0,0.0,0.0,0.0,0.0,0.0,0.0,0.0,1.0,0.0,0.0,0.0,0.0,0.0,0.0,1.0
5.937556302404546,-2.1027333275006983,0.0,0.125,0.3333333333333333,0.0,0.0,1.0,0,1.4583333333333333,0,4,1.9369495947015376,2.4367101391845,0.0,0.0,0.0,0.0,0.0,0.0,0.0,0.0,1.0,0.0,0.0,0.0,0.0,0.0,0.0,0.0,0.0,0.0,1.0
0.6949362483542374,-0.1046374011471275,0.0,0.0,0.0,1.0,0.0,1.0,1,1.0,1,1,0.5276451285346596,0.833628363453546,0.0,0.0,0.0,0.0,0.0,0.0,0.0,0.0,0.0,0.0,0.0,1.0,0.0,0.0,0.0,0.0,0.0,0.0,1.0
10.094007691774651,1.5860591519212783,0.0,0.0,0.1666666666666666,0.0,0.0,0.0,1,1.1666666666666663,0,2,2.4064051149602452,3.1771068115149435,0.0,0.0,0.0,0.0,0.0,0.0,0.0,0.0,0.0,0.0,0.0,0.0,1.0,0.0,0.0,0.0,0.0,1.0,0.0
-0.2903558311967292,-0.1046374011471275,1.0,0.0,0.0,0.0,1.0,0.0,1,1.0,1,1,-0.3429916052744054,,0.0,0.0,0.0,0.0,0.0,0.0,0.0,0.0,1.0,0.0,0.0,0.0,0.0,0.0,0.0,0.0,0.0,0.0,1.0
0.3809420691566765,-0.1046374011471275,1.0,0.25,0.0,1.0,1.0,0.0,1,1.25,0,2,0.32276592507276497,0.6172050462825758,0.0,0.0,0.0,0.0,0.0,0.0,0.0,0.0,0.0,0.0,0.0,1.0,0.0,0.0,0.0,0.0,0.0,0.0,1.0
-0.6260047813734322,-0.7962859910387481,1.0,0.0,0.0,1.0,0.0,1.0,0,1.0,1,4,-0.9835122660702682,,0.0,0.0,0.0,0.0,0.0,0.0,0.0,0.0,0.0,0.0,0.0,1.0,0.0,0.0,0.0,0.0,0.0,0.0,1.0
-0.0911319381886217,-0.1046374011471275,0.5,0.0,0.0,0.0,1.0,0.0,1,1.0,1,1,-0.09555534186157015,,0.0,0.0,0.0,0.0,0.0,0.0,0.0,0.0,1.0,0.0,0.0,0.0,0.0,0.0,0.0,0.0,0.0,0.0,1.0
-0.277362968609244,-0.1046374011471275,1.0,0.0,0.0,1.0,0.0,1.0,0,1.0,1,1,-0.32484821415469367,,0.0,0.0,0.0,0.0,0.0,0.0,0.0,0.0,0.0,0.0,0.0,1.0,0.0,0.0,0.0,0.0,0.0,0.0,1.0
5.937556302404546,-2.1857311582876924,0.0,0.125,0.3333333333333333,1.0,0.0,1.0,1,1.4583333333333333,0,4,1.9369495947015376,2.4367101391845,0.0,0.0,0.0,0.0,0.0,0.0,0.0,1.0,0.0,0.0,0.0,0.0,0.0,0.0,0.0,0.0,0.0,0.0,1.0
4.176300152449588,-0.1046374011471275,0.0,0.0,0.0,0.0,0.0,0.0,1,1.0,1,4,1.6440905447849816,2.043599802419639,0.0,0.0,0.0,0.0,0.0,0.0,0.0,0.0,1.0,0.0,0.0,0.0,0.0,0.0,0.0,0.0,0.0,0.0,1.0
4.090404337883722,-0.9499856776813304,0.0,0.125,0.0,0.0,0.0,0.0,1,1.125,0,2,1.6273572651056019,2.0224748052531387,0.0,0.0,0.0,0.0,0.0,0.0,0.0,0.0,0.0,0.0,0.0,0.0,1.0,0.0,0.0,0.0,0.0,0.0,1.0
0.4134242256253898,0.0490622854954548,0.5,0.125,0.0,1.0,0.0,0.0,0,1.125,0,2,0.346015289091922,0.6429807350344097,0.0,0.0,0.0,0.0,0.0,0.0,0.0,0.0,0.0,0.0,0.0,1.0,0.0,0.0,0.0,0.0,0.0,1.0,0.0
1.8395727946781235,0.0490622854954548,0.0,0.0,0.0,0.0,0.0,0.0,1,1.0,1,2,1.0436536164491172,1.3563085175129306,0.0,0.0,0.0,0.0,0.0,0.0,0.0,0.0,1.0,0.0,0.0,0.0,0.0,0.0,0.0,0.0,0.0,1.0,0.0
2.9755431016561564,-0.4120367744322922,0.0,0.0,0.0,0.0,0.0,0.0,1,1.0,1,2,1.3801613681208167,1.7249762611862682,0.0,0.0,0.0,0.0,0.0,0.0,0.0,0.0,1.0,0.0,0.0,0.0,0.0,0.0,0.0,0.0,0.0,0.0,1.0
10.737336289931395,-0.8731358343600393,0.0,0.25,0.3333333333333333,0.0,0.0,0.0,1,1.5833333333333333,0,2,2.4627748968274337,3.2767874953880356,0.0,0.0,0.0,0.0,0.0,0.0,0.0,0.0,1.0,0.0,0.0,0.0,0.0,0.0,0.0,0.0,0.0,0.0,1.0
0.5000433095419583,-0.2583370877897099,0.5,0.125,0.1666666666666666,0.0,0.0,1.0,0,1.2916666666666663,0,1,0.40549398071931875,0.7071374049942192,0.0,0.0,0.0,0.0,0.0,0.0,0.0,0.0,0.0,0.0,0.0,0.0,1.0,0.0,0.0,0.0,0.0,0.0,1.0
-0.2840412999792114,-0.1046374011471275,1.0,0.0,0.0,1.0,0.0,1.0,0,1.0,1,1,-0.33413279522034667,,0.0,0.0,0.0,0.0,0.0,0.0,0.0,0.0,0.0,0.0,0.0,1.0,0.0,0.0,0.0,0.0,0.0,0.0,1.0
0.5108706950315294,1.0481102486722402,0.5,0.125,0.1666666666666666,1.0,0.0,1.0,0,1.2916666666666663,0,3,0.41268610387202437,0.7147521913443353,0.0,0.0,0.0,0.0,0.0,0.0,0.0,0.0,0.0,0.0,0.0,1.0,0.0,0.0,0.0,0.0,0.0,1.0,0.0
-0.2858429769246761,-0.2583370877897099,1.0,0.0,0.0,0.0,0.0,1.0,1,1.0,1,1,-0.3366524205479082,,0.0,0.0,0.0,0.0,0.0,0.0,0.0,0.0,1.0,0.0,0.0,0.0,0.0,0.0,0.0,0.0,0.0,0.0,1.0
0.5000433095419583,-0.4120367744322922,0.5,0.125,0.0,0.0,0.0,1.0,1,1.125,0,2,0.40549398071931875,0.7071374049942192,0.0,0.0,0.0,0.0,0.0,0.0,0.0,0.0,0.0,0.0,0.0,0.0,1.0,0.0,0.0,0.0,0.0,0.0,1.0
-0.0196711939574527,1.893458525206443,0.5,0.0,0.0,1.0,0.0,1.0,0,1.0,1,1,-0.01986724722060381,,0.0,0.0,0.0,1.0,0.0,0.0,0.0,0.0,0.0,0.0,0.0,0.0,0.0,0.0,0.0,0.0,0.0,1.0,0.0
6.51429647980043,0.125912128816746,0.0,0.0,0.3333333333333333,0.0,0.0,1.0,1,1.3333333333333333,0,2,2.0168074033603856,2.5523119871599613,0.0,0.0,0.0,0.0,0.0,0.0,0.0,0.0,1.0,0.0,0.0,0.0,0.0,0.0,0.0,0.0,0.0,1.0,0.0
5.199128612015799,0.8175607187083667,0.0,0.125,0.1666666666666666,0.0,0.0,0.0,1,1.2916666666666663,0,2,1.8244087357244034,2.2801597777383495,0.0,0.0,0.0,0.0,0.0,0.0,0.0,0.0,0.0,0.0,0.0,0.0,1.0,0.0,0.0,0.0,0.0,1.0,0.0
-0.3120106021758714,-0.5657364610748746,1.0,0.0,0.0,1.0,0.0,1.0,0,1.0,1,1,-0.3739818513068788,,0.0,0.0,0.0,0.0,0.0,0.0,0.0,0.0,0.0,0.0,0.0,1.0,0.0,0.0,0.0,0.0,0.0,0.0,1.0
-0.2840412999792114,-0.1814872444684187,1.0,0.0,0.0,1.0,0.0,1.0,0,1.0,1,1,-0.33413279522034667,,0.0,0.0,0.0,0.0,0.0,0.0,0.0,0.0,0.0,0.0,0.0,1.0,0.0,0.0,0.0,0.0,0.0,0.0,1.0
-0.0911319381886217,0.0490622854954548,0.5,0.0,0.0,0.0,1.0,0.0,1,1.0,1,1,-0.09555534186157015,,0.0,0.0,0.0,0.0,0.0,0.0,0.0,0.0,1.0,0.0,0.0,0.0,0.0,0.0,0.0,0.0,0.0,1.0,0.0
0.629971935416811,-0.5657364610748746,0.5,0.125,0.1666666666666666,0.0,0.0,1.0,1,1.2916666666666663,0,2,0.4885627971347487,0.7937077140968273,0.0,0.0,0.0,0.0,0.0,0.0,0.0,0.0,0.0,0.0,0.0,0.0,1.0,0.0,0.0,0.0,0.0,0.0,1.0
2.3861738618252373,-0.1046374011471275,1.0,1.0,0.3333333333333333,1.0,0.0,1.0,0,2.333333333333333,0,7,1.219700629653568,1.5447245261939868,0.0,0.0,0.0,0.0,0.0,0.0,0.0,0.0,0.0,0.0,0.0,1.0,0.0,0.0,0.0,0.0,0.0,0.0,1.0
5.248211315917122,0.5101613454232019,0.0,0.0,0.0,0.0,0.0,0.0,1,1.0,1,3,1.832295233335033,2.290897491359472,0.0,0.0,0.0,0.0,0.0,0.0,0.0,0.0,1.0,0.0,0.0,0.0,0.0,0.0,0.0,0.0,0.0,1.0,0.0
-0.3558615134086341,2.4314074284554814,1.0,0.0,0.0,1.0,0.0,1.0,0,1.0,1,1,-0.43984153470490683,,0.0,0.0,0.0,0.0,0.0,0.0,0.0,0.0,0.0,0.0,0.0,1.0,0.0,0.0,0.0,0.0,0.0,1.0,0.0
-0.0629807359157369,0.5101613454232019,0.5,0.0,0.0,0.0,0.0,1.0,1,1.0,1,1,-0.06505143763353603,,0.0,0.0,0.0,0.0,0.0,0.0,0.0,0.0,0.0,0.0,0.0,0.0,1.0,0.0,0.0,0.0,0.0,1.0,0.0
0.2629235673203519,0.125912128816746,1.0,0.125,0.1666666666666666,0.0,0.0,1.0,1,1.2916666666666663,0,3,0.2334293247678229,0.5127607310630874,0.0,0.0,0.0,0.0,0.0,0.0,0.0,0.0,0.0,0.0,0.0,0.0,1.0,0.0,0.0,0.0,0.0,1.0,0.0
1.8850478137343216,-1.0268355210026217,0.0,0.0,0.1666666666666666,0.0,0.0,0.0,1,1.1666666666666663,0,2,1.0595414730408645,1.3729704343991977,0.0,0.0,0.0,0.0,0.0,0.0,0.0,0.0,1.0,0.0,0.0,0.0,0.0,0.0,0.0,0.0,0.0,0.0,1.0
0.3809420691566765,-0.1046374011471275,1.0,0.25,0.0,0.0,1.0,0.0,1,1.25,0,2,0.32276592507276497,0.6172050462825758,0.0,0.0,0.0,0.0,0.0,0.0,0.0,0.0,1.0,0.0,0.0,0.0,0.0,0.0,0.0,0.0,0.0,0.0,1.0
0.6083171644376689,1.2402348569754682,0.0,0.0,0.0,1.0,0.0,1.0,0,1.0,1,1,0.47518839287292897,0.7799468984730107,0.0,0.0,0.0,0.0,0.0,0.0,0.0,0.0,0.0,0.0,0.0,1.0,0.0,0.0,0.0,0.0,0.0,1.0,0.0
6.020385801399765,0.6638610320657843,0.0,0.0,0.1666666666666666,1.0,0.0,1.0,0,1.1666666666666663,0,3,1.9488181739919677,2.453647448473347,0.0,0.0,0.0,0.0,0.0,0.0,0.0,0.0,0.0,0.0,0.0,1.0,0.0,0.0,0.0,0.0,0.0,1.0,0.0
0.1535669738756842,-1.0268355210026217,1.0,0.25,0.0,1.0,0.0,1.0,0,1.25,0,2,0.14285885839019707,0.3918762226464936,0.0,0.0,0.0,0.0,0.0,0.0,0.0,0.0,0.0,0.0,0.0,1.0,0.0,0.0,0.0,0.0,0.0,0.0,1.0
5.162315501351258,-0.1046374011471275,0.0,0.125,0.0,0.0,0.0,1.0,1,1.125,0,2,1.818452599991828,2.2720729524712135,0.0,0.0,0.0,0.0,0.0,0.0,0.0,0.0,0.0,0.0,0.0,0.0,1.0,0.0,0.0,0.0,0.0,0.0,1.0
-0.2840412999792114,-0.1046374011471275,1.0,0.0,0.0,1.0,0.0,1.0,0,1.0,1,1,-0.33413279522034667,,0.0,0.0,0.0,0.0,0.0,0.0,0.0,0.0,0.0,0.0,0.0,1.0,0.0,0.0,0.0,0.0,0.0,0.0,1.0
2.2584107130482987,-0.0277875578258363,0.0,0.125,0.0,1.0,0.0,1.0,0,1.125,0,2,1.1812395651714518,1.5028009558981186,0.0,0.0,0.0,0.0,0.0,0.0,0.0,0.0,0.0,0.0,0.0,1.0,0.0,0.0,0.0,0.0,0.0,0.0,1.0
5.199128612015799,0.8944105620296577,0.0,0.0,0.0,0.0,0.0,0.0,1,1.0,1,2,1.8244087357244034,2.2801597777383495,0.0,0.0,0.0,0.0,0.0,0.0,0.0,0.0,1.0,0.0,0.0,0.0,0.0,0.0,0.0,0.0,0.0,1.0,0.0
-0.277362968609244,1.2018099353148226,1.0,0.0,0.0,1.0,0.0,1.0,1,1.0,1,1,-0.32484821415469367,,0.0,0.0,0.0,0.0,0.0,0.0,0.0,0.0,0.0,0.0,0.0,1.0,0.0,0.0,0.0,0.0,0.0,1.0,0.0
0.9114839581456586,1.2018099353148226,0.0,0.0,0.0,1.0,0.0,1.0,0,1.0,1,1,0.6478798818332969,0.9547166899901031,0.0,0.0,0.0,0.0,0.0,0.0,0.0,0.0,0.0,0.0,0.0,1.0,0.0,0.0,0.0,0.0,0.0,1.0,0.0
0.5000433095419583,-2.1027333275006983,0.5,0.125,0.1666666666666666,1.0,0.0,1.0,1,1.2916666666666663,0,3,0.40549398071931875,0.7071374049942192,0.0,0.0,0.0,0.0,0.0,0.0,0.0,1.0,0.0,0.0,0.0,0.0,0.0,0.0,0.0,0.0,0.0,0.0,1.0
10.764404753655324,-0.4120367744322922,0.0,0.375,0.3333333333333333,0.0,0.0,1.0,1,1.7083333333333333,0,4,2.4650784262249417,3.280915231098683,0.0,0.0,0.0,0.0,0.0,0.0,0.0,0.0,1.0,0.0,0.0,0.0,0.0,0.0,0.0,0.0,0.0,0.0,1.0
-0.0629807359157369,-0.1046374011471275,0.5,0.0,0.0,1.0,0.0,1.0,0,1.0,1,1,-0.06505143763353603,,0.0,0.0,0.0,0.0,0.0,0.0,0.0,0.0,0.0,0.0,0.0,1.0,0.0,0.0,0.0,0.0,0.0,0.0,1.0
-0.0629807359157369,-0.335186931111001,0.5,0.0,0.0,1.0,0.0,1.0,0,1.0,1,1,-0.06505143763353603,,0.0,0.0,0.0,0.0,0.0,0.0,0.0,0.0,0.0,0.0,0.0,1.0,0.0,0.0,0.0,0.0,0.0,0.0,1.0
-0.0629807359157369,0.5101613454232019,0.5,0.0,0.0,1.0,0.0,1.0,0,1.0,1,1,-0.06505143763353603,,0.0,0.0,0.0,0.0,0.0,0.0,0.0,0.0,0.0,0.0,0.0,1.0,0.0,0.0,0.0,0.0,0.0,1.0,0.0
-0.0629807359157369,-0.4120367744322922,0.5,0.0,0.0,0.0,0.0,1.0,1,1.0,1,1,-0.06505143763353603,,0.0,0.0,0.0,0.0,0.0,0.0,0.0,0.0,1.0,0.0,0.0,0.0,0.0,0.0,0.0,0.0,0.0,0.0,1.0
-0.0629807359157369,0.8175607187083667,0.5,0.0,0.0,0.0,0.0,1.0,1,1.0,1,1,-0.06505143763353603,,0.0,0.0,0.0,0.0,0.0,0.0,0.0,0.0,1.0,0.0,0.0,0.0,0.0,0.0,0.0,0.0,0.0,1.0,0.0
0.0712788441549442,-0.1046374011471275,1.0,0.125,0.0,0.0,0.0,1.0,1,1.125,0,1,0.06885311626626012,0.2669809808861751,0.0,0.0,0.0,0.0,0.0,0.0,0.0,0.0,0.0,0.0,0.0,0.0,1.0,0.0,0.0,0.0,0.0,0.0,1.0
0.0626169357632873,-2.025883484179407,1.0,0.125,0.1666666666666666,1.0,0.0,1.0,1,1.2916666666666663,0,2,0.06073467294956303,0.2502337622370077,0.0,0.0,0.0,0.0,0.0,0.0,0.0,1.0,0.0,0.0,0.0,0.0,0.0,0.0,0.0,0.0,0.0,0.0,1.0
-0.2508358741597949,0.9712604053509488,1.0,0.0,0.0,1.0,0.0,1.0,0,1.0,1,1,-0.28879719284721256,,0.0,0.0,0.0,0.0,0.0,0.0,0.0,0.0,0.0,0.0,0.0,1.0,0.0,0.0,0.0,0.0,0.0,1.0,0.0
-0.22647425680826,-0.4888866177535834,1.0,0.0,0.0,1.0,0.0,1.0,0,1.0,1,1,-0.2567963280855459,,0.0,0.0,0.0,0.0,0.0,0.0,0.0,0.0,0.0,0.0,0.0,1.0,0.0,0.0,0.0,0.0,0.0,0.0,1.0
0.8898291871665165,-0.1046374011471275,0.0,0.0,0.0,1.0,0.0,1.0,0,1.0,1,1,0.636486447826716,0.9433075782407966,0.0,0.0,0.0,0.0,0.0,0.0,0.0,0.0,0.0,0.0,0.0,1.0,0.0,0.0,0.0,0.0,0.0,0.0,1.0
-0.3129114406486037,-1.1036853643239128,1.0,0.125,0.1666666666666666,1.0,0.0,0.0,0,1.2916666666666663,0,1,-0.37529208771479355,,0.0,0.0,0.0,0.0,0.0,0.0,0.0,0.0,0.0,0.0,0.0,1.0,0.0,0.0,0.0,0.0,0.0,0.0,1.0
0.1449050654840274,-0.335186931111001,1.0,0.125,0.0,1.0,0.0,1.0,0,1.125,0,2,0.135321721327769,0.38066397975646105,0.0,0.0,0.0,0.0,0.0,0.0,0.0,0.0,0.0,0.0,0.0,1.0,0.0,0.0,0.0,0.0,0.0,0.0,1.0
-0.3130933407248285,-0.1046374011471275,1.0,0.0,0.0,1.0,0.0,0.0,0,1.0,1,1,-0.37555686313005193,,0.0,0.0,0.0,0.0,0.0,0.0,0.0,0.0,0.0,0.0,0.0,1.0,0.0,0.0,0.0,0.0,0.0,0.0,1.0
-0.2145641327697318,-0.1046374011471275,1.0,0.0,0.0,1.0,0.0,1.0,0,1.0,1,1,-0.24151647041180774,,0.0,0.0,0.0,0.0,0.0,0.0,0.0,0.0,0.0,0.0,0.0,1.0,0.0,0.0,0.0,0.0,0.0,0.0,1.0
1.7560200263322014,-0.5657364610748746,0.0,0.0,0.1666666666666666,0.0,0.0,1.0,1,1.1666666666666663,0,2,1.013787619573561,1.3251490581561765,0.0,0.0,0.0,0.0,0.0,0.0,0.0,0.0,1.0,0.0,0.0,0.0,0.0,0.0,0.0,0.0,0.0,0.0,1.0
-0.0629807359157369,0.6638610320657843,0.5,0.0,0.0,0.0,0.0,1.0,0,1.0,1,1,-0.06505143763353603,,0.0,0.0,0.0,0.0,0.0,0.0,0.0,0.0,1.0,0.0,0.0,0.0,0.0,0.0,0.0,0.0,0.0,1.0,0.0
-0.2847602383757189,-0.1046374011471275,1.0,0.0,0.0,0.0,1.0,0.0,1,1.0,1,1,-0.33513746155593377,,0.0,0.0,0.0,0.0,0.0,0.0,0.0,0.0,1.0,0.0,0.0,0.0,0.0,0.0,0.0,0.0,0.0,0.0,1.0
-0.2847602383757189,-0.1046374011471275,1.0,0.0,0.0,0.0,1.0,0.0,1,1.0,1,1,-0.33513746155593377,,0.0,0.0,0.0,0.0,0.0,0.0,0.0,0.0,1.0,0.0,0.0,0.0,0.0,0.0,0.0,0.0,0.0,0.0,1.0
0.5823314392626983,0.8175607187083667,1.0,0.125,0.6666666666666666,1.0,0.0,1.0,0,1.7916666666666663,0,6,0.4588993538892099,0.763106440323169,0.0,0.0,0.0,0.0,0.0,0.0,0.0,0.0,0.0,0.0,0.0,1.0,0.0,0.0,0.0,0.0,0.0,1.0,0.0
0.5745703693437738,-0.0277875578258363,0.5,0.125,0.0,1.0,0.0,0.0,0,1.125,0,1,0.453982453696959,0.7580042014024552,0.0,0.0,0.0,0.0,0.0,0.0,0.0,0.0,0.0,0.0,0.0,1.0,0.0,0.0,0.0,0.0,0.0,0.0,1.0
0.0,1.2018099353148226,1.0,0.0,0.1666666666666666,0.0,0.0,0.0,0,1.1666666666666663,0,2,0.0,0.0,0.0,0.0,0.0,0.0,0.0,0.0,0.0,0.0,0.0,0.0,0.0,0.0,1.0,0.0,0.0,0.0,0.0,1.0,0.0
-0.3206725105675282,0.4333115021019107,1.0,0.0,0.0,1.0,0.0,1.0,0,1.0,1,1,-0.3866519563101637,,0.0,0.0,0.0,0.0,0.0,0.0,0.0,0.0,0.0,0.0,0.0,1.0,0.0,0.0,0.0,0.0,0.0,1.0,0.0
0.0452931189799736,-0.1046374011471275,1.0,0.125,0.0,1.0,1.0,0.0,0,1.125,0,2,0.044297342716502645,0.21282180099786208,0.0,0.0,0.0,0.0,0.0,0.0,0.0,0.0,0.0,0.0,0.0,1.0,0.0,0.0,0.0,0.0,0.0,0.0,1.0
-0.3120106021758714,0.0490622854954548,1.0,0.0,0.0,1.0,0.0,1.0,0,1.0,1,1,-0.3739818513068788,,0.0,0.0,0.0,0.0,0.0,0.0,0.0,0.0,0.0,0.0,0.0,1.0,0.0,0.0,0.0,0.0,0.0,1.0,0.0
2.633038250987457,2.3545575851341902,0.0,0.125,0.0,0.0,0.0,0.0,1,1.125,0,1,1.2900692819442923,1.6226639365523154,0.0,0.0,0.0,0.0,0.0,0.0,0.0,0.0,0.0,0.0,0.0,0.0,1.0,0.0,0.0,0.0,0.0,1.0,0.0
-0.3129114406486037,-0.1046374011471275,1.0,0.0,0.0,0.0,0.0,0.0,1,1.0,1,1,-0.37529208771479355,,0.0,0.0,0.0,0.0,0.0,0.0,0.0,0.0,0.0,0.0,0.0,0.0,1.0,0.0,0.0,0.0,0.0,0.0,1.0
-0.2903558311967292,-0.1046374011471275,1.0,0.0,0.0,0.0,1.0,0.0,1,1.0,1,1,-0.3429916052744054,,0.0,0.0,0.0,0.0,0.0,0.0,0.0,0.0,1.0,0.0,0.0,0.0,0.0,0.0,0.0,0.0,0.0,0.0,1.0
2.375346476335666,-0.4120367744322922,0.0,0.0,0.0,0.0,0.0,0.0,1,1.0,1,2,1.2164979787103636,1.5412159084098718,0.0,0.0,0.0,0.0,0.0,0.0,0.0,0.0,0.0,0.0,1.0,0.0,0.0,0.0,0.0,0.0,0.0,0.0,1.0
1.7751498510151755,-0.335186931111001,0.0,0.125,0.0,1.0,0.0,0.0,1,1.125,0,1,1.0207047461062595,1.3323474963443942,0.0,0.0,0.0,0.0,0.0,0.0,0.0,0.0,0.0,0.0,0.0,1.0,0.0,0.0,0.0,0.0,0.0,0.0,1.0
-0.3446746587208094,-0.8731358343600393,1.0,0.125,0.0,1.0,0.0,1.0,0,1.125,0,1,-0.4226234624205656,,0.0,0.0,0.0,0.0,0.0,0.0,0.0,0.0,0.0,0.0,0.0,1.0,0.0,0.0,0.0,0.0,0.0,0.0,1.0
-0.277362968609244,-0.7962859910387481,1.0,0.0,0.0,1.0,0.0,1.0,0,1.0,1,1,-0.32484821415469367,,0.0,0.0,0.0,0.0,0.0,0.0,0.0,0.0,0.0,0.0,0.0,1.0,0.0,0.0,0.0,0.0,0.0,0.0,1.0
5.248211315917122,-0.5657364610748746,0.0,0.0,0.0,1.0,0.0,0.0,0,1.0,1,3,1.832295233335033,2.290897491359472,0.0,0.0,0.0,0.0,0.0,0.0,0.0,0.0,0.0,0.0,0.0,1.0,0.0,0.0,0.0,0.0,0.0,0.0,1.0
0.2867438153974083,-2.025883484179407,1.0,0.375,0.1666666666666666,0.0,0.0,1.0,0,1.5416666666666663,0,4,0.2521148531645178,0.5354846546796727,0.0,0.0,0.0,0.0,0.0,0.0,0.0,0.0,1.0,0.0,0.0,0.0,0.0,0.0,0.0,0.0,0.0,0.0,1.0
2.932774928972352,-0.1046374011471275,0.0,0.125,0.0,0.0,0.0,0.0,1,1.125,0,2,1.3693452655147922,1.7125346504442915,0.0,0.0,0.0,0.0,0.0,0.0,0.0,0.0,0.0,0.0,0.0,0.0,1.0,0.0,0.0,0.0,0.0,0.0,1.0
-0.3120106021758714,-0.5657364610748746,1.0,0.0,0.0,0.0,0.0,1.0,1,1.0,1,1,-0.3739818513068788,,0.0,0.0,0.0,0.0,0.0,0.0,0.0,0.0,1.0,0.0,0.0,0.0,0.0,0.0,0.0,0.0,0.0,0.0,1.0
8.533963342803686,-0.1814872444684187,0.0,0.0,0.3333333333333333,1.0,0.0,0.0,0,1.3333333333333333,0,1,2.2548605118836633,2.9212948058701103,0.0,0.0,0.0,0.0,0.0,0.0,0.0,0.0,0.0,0.0,0.0,1.0,0.0,0.0,0.0,0.0,0.0,0.0,1.0
-0.4522252442658167,-0.719436147717457,1.0,0.0,0.0,1.0,0.0,0.0,0,1.0,1,1,-0.6018911062121228,,0.0,0.0,0.0,0.0,0.0,0.0,0.0,0.0,0.0,0.0,0.0,1.0,0.0,0.0,0.0,0.0,0.0,0.0,1.0
-0.2892730926477721,-0.7962859910387481,1.0,0.0,0.0,1.0,0.0,1.0,0,1.0,1,1,-0.34146701951388614,,0.0,0.0,0.0,0.0,0.0,0.0,0.0,0.0,0.0,0.0,0.0,1.0,0.0,0.0,0.0,0.0,0.0,0.0,1.0
9.227998752685192,0.9712604053509488,0.0,0.0,0.0,0.0,0.0,0.0,1,1.0,1,4,2.3251289354779345,3.0377621290491446,0.0,0.0,0.0,0.0,0.0,0.0,0.0,0.0,1.0,0.0,0.0,0.0,0.0,0.0,0.0,0.0,0.0,1.0,0.0
0.0557610352712909,-2.179583170821989,1.0,0.0,0.3333333333333333,0.0,0.0,0.0,1,1.3333333333333333,0,2,0.054261867319358933,0.23613774639242008,0.0,0.0,0.0,0.0,0.0,0.0,0.0,0.0,1.0,0.0,0.0,0.0,0.0,0.0,0.0,0.0,0.0,0.0,1.0
-0.2827766613540295,0.2027619721380371,1.0,0.0,0.0,1.0,0.0,1.0,0,1.0,1,1,-0.332367996444908,,0.0,0.0,0.0,0.0,0.0,0.0,0.0,0.0,0.0,0.0,0.0,1.0,0.0,0.0,0.0,0.0,0.0,1.0,0.0
1.6260914004573488,0.4333115021019107,0.0,0.125,0.0,0.0,0.0,1.0,1,1.125,0,2,0.9654965812373238,1.2751828890231192,0.0,0.0,0.0,0.0,0.0,0.0,0.0,0.0,0.0,0.0,0.0,0.0,1.0,0.0,0.0,0.0,0.0,1.0,0.0
-0.2840412999792114,-0.1046374011471275,1.0,0.0,0.0,1.0,0.0,1.0,0,1.0,1,1,-0.33413279522034667,,0.0,0.0,0.0,0.0,0.0,0.0,0.0,0.0,0.0,0.0,0.0,1.0,0.0,0.0,0.0,0.0,0.0,0.0,1.0
2.55724655256046,-0.8731358343600393,0.5,0.0,0.0,1.0,0.0,1.0,0,1.0,1,5,1.2689868053126747,1.5991393161824456,0.0,0.0,0.0,0.0,0.0,0.0,0.0,0.0,0.0,0.0,0.0,1.0,0.0,0.0,0.0,0.0,0.0,0.0,1.0
1.405212736470099,-2.179583170821989,1.0,0.625,0.3333333333333333,1.0,0.0,1.0,0,1.9583333333333333,0,6,0.877638355558454,1.1854166931801235,0.0,0.0,0.0,0.0,0.0,0.0,0.0,1.0,0.0,0.0,0.0,0.0,0.0,0.0,0.0,0.0,0.0,0.0,1.0
-0.0629807359157369,0.5101613454232019,0.5,0.0,0.0,0.0,0.0,1.0,1,1.0,1,1,-0.06505143763353603,,0.0,0.0,0.0,0.0,0.0,0.0,0.0,0.0,1.0,0.0,0.0,0.0,0.0,0.0,0.0,0.0,0.0,1.0,0.0
-0.2912566696694615,-0.1046374011471275,1.0,0.0,0.0,1.0,1.0,0.0,0,1.0,1,1,-0.34426183445283,,0.0,0.0,0.0,0.0,0.0,0.0,0.0,0.0,0.0,0.0,0.0,1.0,0.0,0.0,0.0,0.0,0.0,0.0,1.0
-0.1062902778740212,-0.9499856776813304,0.5,0.0,0.0,0.0,0.0,0.0,1,1.0,1,1,-0.11237425214218022,,0.0,0.0,0.0,0.0,0.0,0.0,0.0,0.0,1.0,0.0,0.0,0.0,0.0,0.0,0.0,0.0,0.0,0.0,1.0
4.571140253620677,0.5101613454232019,0.0,0.125,0.3333333333333333,1.0,0.0,1.0,1,1.4583333333333333,0,4,1.7175997463851544,2.138022510082781,0.0,0.0,0.0,0.0,0.0,0.0,0.0,0.0,0.0,0.0,0.0,1.0,0.0,0.0,0.0,0.0,0.0,1.0,0.0
-0.2883722541750398,-0.6425863043961658,1.0,0.0,0.0,1.0,0.0,1.0,1,1.0,1,1,-0.34020033319037424,,0.0,0.0,0.0,0.0,0.0,0.0,0.0,0.0,0.0,0.0,0.0,1.0,0.0,0.0,0.0,0.0,0.0,0.0,1.0
-0.2827766613540295,-0.1046374011471275,1.0,0.25,0.0,1.0,0.0,1.0,0,1.25,0,1,-0.332367996444908,,0.0,0.0,0.0,0.0,0.0,0.0,0.0,0.0,0.0,0.0,0.0,1.0,0.0,0.0,0.0,0.0,0.0,0.0,1.0
4.279883583951216,-0.4888866177535834,0.0,0.125,0.0,0.0,0.0,0.0,1,1.125,0,3,1.6639040489810106,2.068787950455826,0.0,0.0,0.0,0.0,0.0,0.0,0.0,0.0,1.0,0.0,0.0,0.0,0.0,0.0,0.0,0.0,0.0,0.0,1.0
0.0972645693299147,-0.4120367744322922,1.0,0.0,0.3333333333333333,0.0,0.0,1.0,1,1.3333333333333333,0,2,0.09282032753853213,0.3118726812818248,0.0,0.0,0.0,0.0,0.0,0.0,0.0,0.0,0.0,0.0,0.0,0.0,1.0,0.0,0.0,0.0,0.0,0.0,1.0
-0.2883722541750398,-0.5657364610748746,1.0,0.0,0.0,1.0,0.0,1.0,0,1.0,1,1,-0.34020033319037424,,0.0,0.0,0.0,0.0,0.0,0.0,0.0,0.0,0.0,0.0,0.0,1.0,0.0,0.0,0.0,0.0,0.0,0.0,1.0
-0.2858429769246761,0.125912128816746,1.0,0.0,0.0,0.0,0.0,1.0,0,1.0,1,1,-0.3366524205479082,,0.0,0.0,0.0,0.0,0.0,0.0,0.0,0.0,1.0,0.0,0.0,0.0,0.0,0.0,0.0,0.0,0.0,1.0,0.0
0.5000433095419583,1.2786597786361138,0.5,0.0,0.0,1.0,0.0,1.0,0,1.0,1,2,0.40549398071931875,0.7071374049942192,0.0,0.0,0.0,0.0,0.0,0.0,0.0,0.0,0.0,0.0,0.0,1.0,0.0,0.0,0.0,0.0,0.0,1.0,0.0
-0.1712545908114476,-0.4888866177535834,0.5,0.0,0.0,1.0,0.0,1.0,0,1.0,1,1,-0.1878422769380683,,0.0,0.0,0.0,1.0,0.0,0.0,0.0,0.0,0.0,0.0,0.0,0.0,0.0,0.0,0.0,0.0,0.0,0.0,1.0
-0.0781390756011364,-0.1046374011471275,0.5,0.0,0.0,0.0,0.0,1.0,1,1.0,1,1,-0.0813609080192067,,0.0,0.0,0.0,0.0,0.0,0.0,0.0,0.0,0.0,0.0,0.0,0.0,1.0,0.0,0.0,0.0,0.0,0.0,1.0
-0.2827766613540295,0.7407108753870755,1.0,0.0,0.0,1.0,0.0,1.0,1,1.0,1,1,-0.332367996444908,,0.0,0.0,0.0,0.0,0.0,0.0,0.0,0.0,0.0,0.0,0.0,1.0,0.0,0.0,0.0,0.0,0.0,1.0,0.0
-0.277362968609244,-0.2583370877897099,1.0,0.0,0.0,1.0,0.0,1.0,0,1.0,1,1,-0.32484821415469367,,0.0,0.0,0.0,0.0,0.0,0.0,0.0,0.0,0.0,0.0,0.0,1.0,0.0,0.0,0.0,0.0,0.0,0.0,1.0
-0.2004885316332894,-0.6425863043961658,1.0,0.125,0.0,0.0,0.0,1.0,0,1.125,0,1,-0.22375440238735533,,0.0,0.0,0.0,0.0,0.0,0.0,0.0,0.0,1.0,0.0,0.0,0.0,0.0,0.0,0.0,0.0,0.0,0.0,1.0
0.0604514586653731,-0.1046374011471275,1.0,0.125,0.0,1.0,0.0,1.0,0,1.125,0,2,0.058694721853735664,0.24586878343005056,0.0,0.0,0.0,0.0,0.0,0.0,0.0,0.0,0.0,0.0,0.0,1.0,0.0,0.0,0.0,0.0,0.0,0.0,1.0
-0.2508358741597949,-0.719436147717457,1.0,0.0,0.0,0.0,0.0,1.0,0,1.0,1,1,-0.28879719284721256,,0.0,0.0,0.0,0.0,0.0,0.0,0.0,0.0,1.0,0.0,0.0,0.0,0.0,0.0,0.0,0.0,0.0,0.0,1.0
0.283495599750537,0.3564616587806195,0.5,0.125,0.0,1.0,0.0,1.0,0,1.125,0,1,0.24958729300260246,0.5324430483634255,0.0,0.0,0.0,0.0,0.0,0.0,0.0,0.0,0.0,0.0,0.0,1.0,0.0,0.0,0.0,0.0,0.0,1.0,0.0
-0.2903558311967292,1.6629089952425695,1.0,0.0,0.0,1.0,0.0,1.0,0,1.0,1,1,-0.3429916052744054,,0.0,0.0,0.0,0.0,0.0,0.0,0.0,0.0,0.0,0.0,0.0,1.0,0.0,0.0,0.0,0.0,0.0,1.0,0.0
0.1860491303443974,-2.025883484179407,0.5,0.125,0.1666666666666666,1.0,0.0,1.0,1,1.2916666666666663,0,3,0.17062772496575895,0.4313341284252817,0.0,0.0,0.0,0.0,0.0,0.0,0.0,1.0,0.0,0.0,0.0,0.0,0.0,0.0,0.0,0.0,0.0,0.0,1.0
-0.2892730926477721,-0.6425863043961658,1.0,0.0,0.0,1.0,0.0,1.0,0,1.0,1,1,-0.34146701951388614,,0.0,0.0,0.0,0.0,0.0,0.0,0.0,0.0,0.0,0.0,0.0,1.0,0.0,0.0,0.0,0.0,0.0,0.0,1.0
0.4769463308156052,-0.1046374011471275,1.0,0.375,0.1666666666666666,0.0,0.0,1.0,0,1.5416666666666663,0,4,0.3899766662713167,0.690613010893659,0.0,0.0,0.0,0.0,0.0,0.0,0.0,0.0,1.0,0.0,0.0,0.0,0.0,0.0,0.0,0.0,0.0,0.0,1.0
-0.2840412999792114,-0.1046374011471275,1.0,0.0,0.0,1.0,0.0,1.0,0,1.0,1,1,-0.33413279522034667,,0.0,0.0,0.0,0.0,0.0,0.0,0.0,0.0,0.0,0.0,0.0,1.0,0.0,0.0,0.0,0.0,0.0,0.0,1.0
-0.3289749497609313,-0.1046374011471275,1.0,0.0,0.0,1.0,1.0,0.0,0,1.0,1,1,-0.39894881001122445,,0.0,0.0,0.0,0.0,0.0,0.0,0.0,0.0,0.0,0.0,0.0,1.0,0.0,0.0,0.0,0.0,0.0,0.0,1.0
3.27185399487215,0.2796118154593283,0.0,0.125,0.0,0.0,1.0,0.0,1,1.125,0,2,1.4520479238435369,1.8088266901149348,0.0,0.0,0.0,0.0,0.0,0.0,0.0,0.0,1.0,0.0,0.0,0.0,0.0,0.0,0.0,0.0,0.0,1.0,0.0
-0.6260047813734322,-0.1046374011471275,0.5,0.0,0.0,1.0,0.0,1.0,0,1.0,1,3,-0.9835122660702682,,0.0,0.0,0.0,0.0,0.0,0.0,0.0,0.0,0.0,0.0,0.0,1.0,0.0,0.0,0.0,0.0,0.0,0.0,1.0
-0.2827766613540295,1.1249600919935314,1.0,0.0,0.0,1.0,0.0,1.0,1,1.0,1,1,-0.332367996444908,,0.0,0.0,0.0,0.0,0.0,0.0,0.0,0.0,0.0,0.0,0.0,1.0,0.0,0.0,0.0,0.0,0.0,1.0,0.0
-0.277362968609244,-0.1046374011471275,1.0,0.0,0.0,0.0,0.0,1.0,0,1.0,1,1,-0.32484821415469367,,0.0,0.0,0.0,0.0,0.0,0.0,0.0,0.0,0.0,0.0,0.0,0.0,1.0,0.0,0.0,0.0,0.0,0.0,1.0
0.7815553322708059,0.3564616587806195,0.5,0.125,0.1666666666666666,0.0,0.0,1.0,1,1.2916666666666663,0,1,0.57748676495319,0.8840561816258092,0.0,0.0,0.0,0.0,0.0,0.0,0.0,0.0,0.0,0.0,0.0,0.0,1.0,0.0,0.0,0.0,0.0,1.0,0.0
-0.0629807359157369,-0.8731358343600393,0.5,0.0,0.3333333333333333,0.0,0.0,1.0,1,1.3333333333333333,0,1,-0.06505143763353603,,0.0,0.0,0.0,0.0,0.0,0.0,0.0,0.0,1.0,0.0,0.0,0.0,0.0,0.0,0.0,0.0,0.0,0.0,1.0
-0.0629807359157369,0.0490622854954548,0.5,0.0,0.0,1.0,0.0,1.0,0,1.0,1,1,-0.06505143763353603,,0.0,0.0,0.0,0.0,0.0,0.0,0.0,0.0,0.0,0.0,0.0,1.0,0.0,0.0,0.0,0.0,0.0,1.0,0.0
0.4199206569191323,-1.4879345809303688,1.0,0.0,0.3333333333333333,0.0,0.0,1.0,0,1.3333333333333333,0,3,0.35060099464301875,0.6480128524336013,0.0,0.0,0.0,0.0,0.0,0.0,0.0,0.0,1.0,0.0,0.0,0.0,0.0,0.0,0.0,0.0,0.0,0.0,1.0
-0.2840412999792114,-0.1046374011471275,1.0,0.0,0.0,1.0,0.0,0.0,0,1.0,1,1,-0.33413279522034667,,0.0,0.0,0.0,0.0,0.0,0.0,0.0,0.0,0.0,0.0,0.0,1.0,0.0,0.0,0.0,0.0,0.0,0.0,1.0
-0.2910791005474326,-0.6425863043961658,1.0,0.0,0.0,1.0,1.0,0.0,0,1.0,1,1,-0.34401132503144927,,0.0,0.0,0.0,0.0,0.0,0.0,0.0,0.0,0.0,0.0,0.0,1.0,0.0,0.0,0.0,0.0,0.0,0.0,1.0
-0.2849421384519437,-0.0277875578258363,1.0,0.0,0.0,1.0,0.0,1.0,0,1.0,1,1,-0.3353918143203634,,0.0,0.0,0.0,0.0,0.0,0.0,0.0,0.0,0.0,0.0,0.0,1.0,0.0,0.0,0.0,0.0,0.0,0.0,1.0
-0.0023473771741389,-0.1046374011471275,1.0,0.125,0.1666666666666666,0.0,0.0,1.0,0,1.2916666666666663,0,2,-0.0023501365830324735,,0.0,0.0,0.0,0.0,0.0,0.0,0.0,0.0,0.0,0.0,0.0,0.0,1.0,0.0,0.0,0.0,0.0,0.0,1.0
0.2493893354583881,-0.8731358343600393,1.0,0.125,0.1666666666666666,1.0,0.0,1.0,0,1.2916666666666663,0,2,0.2226549003104628,0.4993889620910619,0.0,0.0,0.0,0.0,0.0,0.0,0.0,0.0,0.0,0.0,0.0,1.0,0.0,0.0,0.0,0.0,0.0,0.0,1.0
-0.3120106021758714,-0.1046374011471275,1.0,0.0,0.0,1.0,0.0,1.0,0,1.0,1,1,-0.3739818513068788,,0.0,0.0,0.0,0.0,0.0,0.0,0.0,0.0,0.0,0.0,0.0,1.0,0.0,0.0,0.0,0.0,0.0,0.0,1.0
0.5000433095419583,-0.1046374011471275,0.5,0.125,0.0,0.0,0.0,1.0,1,1.125,0,1,0.40549398071931875,0.7071374049942192,0.0,0.0,0.0,0.0,0.0,0.0,0.0,0.0,0.0,0.0,0.0,0.0,1.0,0.0,0.0,0.0,0.0,0.0,1.0
0.5000433095419583,-0.7962859910387481,0.5,0.0,0.0,0.0,0.0,1.0,1,1.0,1,2,0.40549398071931875,0.7071374049942192,0.0,0.0,0.0,0.0,0.0,0.0,0.0,0.0,1.0,0.0,0.0,0.0,0.0,0.0,0.0,0.0,0.0,0.0,1.0
-0.2903558311967292,-0.1046374011471275,1.0,0.0,0.0,1.0,1.0,0.0,0,1.0,1,1,-0.3429916052744054,,0.0,0.0,0.0,0.0,0.0,0.0,0.0,0.0,0.0,0.0,0.0,1.0,0.0,0.0,0.0,0.0,0.0,0.0,1.0
-0.277362968609244,0.2027619721380371,1.0,0.0,0.0,1.0,0.0,1.0,1,1.0,1,1,-0.32484821415469367,,0.0,0.0,0.0,0.0,0.0,0.0,0.0,0.0,0.0,0.0,0.0,1.0,0.0,0.0,0.0,0.0,0.0,1.0,0.0
0.5238635576190146,-0.1046374011471275,0.0,0.0,0.0,1.0,0.0,1.0,1,1.0,1,1,0.421248924135102,0.723784192711484,0.0,0.0,0.0,0.0,0.0,0.0,0.0,0.0,0.0,0.0,0.0,1.0,0.0,0.0,0.0,0.0,0.0,0.0,1.0
0.0712788441549442,-0.1046374011471275,1.0,0.125,0.0,0.0,0.0,1.0,1,1.125,0,2,0.06885311626626012,0.2669809808861751,0.0,0.0,0.0,0.0,0.0,0.0,0.0,0.0,0.0,0.0,0.0,0.0,1.0,0.0,0.0,0.0,0.0,0.0,1.0
0.5000433095419583,0.9712604053509488,0.5,0.125,0.0,0.0,0.0,1.0,1,1.125,0,1,0.40549398071931875,0.7071374049942192,0.0,0.0,0.0,0.0,0.0,0.0,0.0,0.0,0.0,0.0,0.0,0.0,1.0,0.0,0.0,0.0,0.0,1.0,0.0
-0.3174242949206569,-0.9499856776813304,1.0,0.0,0.0,1.0,0.0,1.0,0,1.0,1,1,-0.38188183488136807,,0.0,0.0,0.0,0.0,0.0,0.0,0.0,0.0,0.0,0.0,0.0,1.0,0.0,0.0,0.0,0.0,0.0,0.0,1.0
1.7949986140946572,1.5860591519212783,0.0,0.125,0.0,1.0,0.0,1.0,0,1.125,0,2,1.0278316107552965,1.3397755834820462,0.0,0.0,0.0,0.0,0.0,0.0,0.0,0.0,0.0,0.0,0.0,1.0,0.0,0.0,0.0,0.0,0.0,1.0,0.0
4.571140253620677,-1.180535207645204,0.0,0.125,0.3333333333333333,0.0,0.0,1.0,1,1.4583333333333333,0,4,1.7175997463851544,2.138022510082781,0.0,0.0,0.0,0.0,0.0,0.0,0.0,0.0,1.0,0.0,0.0,0.0,0.0,0.0,0.0,0.0,0.0,0.0,1.0
0.8627607234425888,-0.6425863043961658,1.0,0.25,0.3333333333333333,0.0,0.0,1.0,0,1.5833333333333333,0,4,0.6220596472154754,0.9288491392269193,0.0,0.0,0.0,0.0,0.0,0.0,0.0,0.0,1.0,0.0,0.0,0.0,0.0,0.0,0.0,0.0,0.0,0.0,1.0
0.1860491303443974,-0.4120367744322922,0.5,0.25,0.5,0.0,0.0,1.0,1,1.75,0,3,0.17062772496575895,0.4313341284252817,0.0,0.0,0.0,0.0,0.0,0.0,0.0,0.0,0.0,0.0,0.0,0.0,1.0,0.0,0.0,0.0,0.0,0.0,1.0
10.764404753655324,2.661956958419355,0.0,0.125,0.6666666666666666,1.0,0.0,1.0,0,1.7916666666666663,0,4,2.4650784262249417,3.280915231098683,0.0,0.0,0.0,0.0,0.0,0.0,0.0,0.0,0.0,0.0,0.0,1.0,0.0,0.0,0.0,0.0,0.0,1.0,0.0
-0.1712545908114476,0.125912128816746,0.5,0.0,0.0,1.0,0.0,1.0,0,1.0,1,1,-0.1878422769380683,,0.0,0.0,0.0,0.0,0.0,0.0,0.0,0.0,0.0,0.0,0.0,1.0,0.0,0.0,0.0,0.0,0.0,1.0,0.0
0.5108706950315294,1.2018099353148226,0.5,0.125,0.1666666666666666,0.0,0.0,1.0,1,1.2916666666666663,0,3,0.41268610387202437,0.7147521913443353,0.0,0.0,0.0,0.0,0.0,0.0,0.0,0.0,0.0,0.0,0.0,0.0,1.0,0.0,0.0,0.0,0.0,1.0,0.0
-0.2145641327697318,-0.719436147717457,1.0,0.0,0.0,1.0,0.0,1.0,0,1.0,1,1,-0.24151647041180774,,0.0,0.0,0.0,0.0,0.0,0.0,0.0,0.0,0.0,0.0,0.0,1.0,0.0,0.0,0.0,0.0,0.0,0.0,1.0
-0.2892730926477721,-0.335186931111001,1.0,0.125,0.0,1.0,0.0,1.0,0,1.125,0,1,-0.34146701951388614,,0.0,0.0,0.0,0.0,0.0,0.0,0.0,0.0,0.0,0.0,0.0,1.0,0.0,0.0,0.0,0.0,0.0,0.0,1.0
-0.0629807359157369,-0.1046374011471275,0.5,0.0,0.0,0.0,0.0,1.0,1,1.0,1,1,-0.06505143763353603,,0.0,0.0,0.0,0.0,0.0,0.0,0.0,0.0,0.0,0.0,0.0,0.0,0.0,1.0,0.0,0.0,0.0,0.0,1.0
-0.2746561222368512,-0.1046374011471275,1.0,0.0,0.0,1.0,0.0,1.0,1,1.0,1,1,-0.3211094224227975,,0.0,0.0,0.0,0.0,0.0,0.0,0.0,0.0,0.0,0.0,0.0,1.0,0.0,0.0,0.0,0.0,0.0,0.0,1.0
2.919240697110387,-1.949033640858116,0.0,0.0,0.3333333333333333,1.0,0.0,1.0,1,1.3333333333333333,0,1,1.3658979353234202,1.7085785604151735,0.0,0.0,0.0,0.0,0.0,0.0,0.0,1.0,0.0,0.0,0.0,0.0,0.0,0.0,0.0,0.0,0.0,0.0,1.0
0.2185312868131106,-1.2573850509664952,0.5,0.0,0.1666666666666666,0.0,0.0,1.0,1,1.1666666666666663,0,2,0.19764627025173245,0.46747330064198384,0.0,0.0,0.0,0.0,0.0,0.0,0.0,0.0,1.0,0.0,0.0,0.0,0.0,0.0,0.0,0.0,0.0,0.0,1.0
0.5238635576190146,0.3564616587806195,0.0,0.0,0.0,1.0,0.0,1.0,1,1.0,1,1,0.421248924135102,0.723784192711484,0.0,0.0,0.0,0.0,0.0,0.0,0.0,0.0,0.0,0.0,0.0,1.0,0.0,0.0,0.0,0.0,0.0,1.0,0.0
0.2080633705217932,-1.8721837975368247,1.0,0.25,0.1666666666666666,0.0,0.0,0.0,1,1.4166666666666663,0,4,0.18901855717791535,0.4561396392792378,0.0,0.0,0.0,0.0,0.0,0.0,0.0,0.0,1.0,0.0,0.0,0.0,0.0,0.0,0.0,0.0,0.0,0.0,1.0
0.6949362483542374,1.7397588385638607,0.0,0.0,0.0,1.0,0.0,1.0,1,1.0,1,1,0.5276451285346596,0.833628363453546,0.0,0.0,0.0,0.0,0.0,0.0,1.0,0.0,0.0,0.0,0.0,0.0,0.0,0.0,0.0,0.0,0.0,1.0,0.0
0.5758350079689557,0.5101613454232019,0.5,0.125,0.3333333333333333,1.0,0.0,1.0,0,1.4583333333333333,0,3,0.4547852955802395,0.758837932610749,0.0,0.0,0.0,0.0,0.0,0.0,0.0,0.0,0.0,0.0,0.0,1.0,0.0,0.0,0.0,0.0,0.0,1.0,0.0
0.2387438500450419,-0.1046374011471275,1.0,0.125,0.0,1.0,0.0,1.0,0,1.125,0,1,0.21409784200395832,0.4886142139203913,0.0,0.0,0.0,0.0,0.0,0.0,0.0,0.0,0.0,0.0,0.0,1.0,0.0,0.0,0.0,0.0,0.0,0.0,1.0
0.5758350079689557,0.0490622854954548,0.0,0.0,0.0,1.0,0.0,0.0,0,1.0,1,1,0.4547852955802395,0.758837932610749,0.0,0.0,0.0,0.0,0.0,0.0,0.0,0.0,0.0,0.0,0.0,1.0,0.0,0.0,0.0,0.0,0.0,1.0,0.0
3.2330573071859194,1.5092093085999871,0.0,0.125,0.0,1.0,0.0,0.0,1,1.125,0,2,1.442924499643678,1.7980704399955858,0.0,0.0,0.0,0.0,0.0,0.0,0.0,0.0,0.0,0.0,0.0,1.0,0.0,0.0,0.0,0.0,0.0,1.0,0.0
-0.277362968609244,-0.1046374011471275,1.0,0.0,0.0,1.0,0.0,1.0,0,1.0,1,1,-0.32484821415469367,,0.0,0.0,0.0,0.0,0.0,0.0,0.0,0.0,0.0,0.0,0.0,1.0,0.0,0.0,0.0,0.0,0.0,0.0,1.0
-0.2840412999792114,-0.0277875578258363,1.0,0.0,0.0,1.0,0.0,0.0,1,1.0,1,1,-0.33413279522034667,,0.0,0.0,0.0,0.0,0.0,0.0,0.0,0.0,0.0,0.0,0.0,1.0,0.0,0.0,0.0,0.0,0.0,0.0,1.0
0.5238635576190146,2.738806801740646,0.0,0.0,0.0,1.0,0.0,1.0,0,1.0,1,1,0.421248924135102,0.723784192711484,0.0,0.0,0.0,0.0,0.0,0.0,0.0,0.0,0.0,0.0,0.0,1.0,0.0,0.0,0.0,0.0,0.0,1.0,0.0
1.6201363384380845,-0.1046374011471275,0.0,0.125,0.0,0.0,0.0,1.0,1,1.125,0,1,0.963226353990886,1.2728457638056876,0.0,0.0,0.0,0.0,0.0,0.0,0.0,0.0,0.0,0.0,0.0,0.0,1.0,0.0,0.0,0.0,0.0,0.0,1.0
-0.1712545908114476,1.5860591519212783,0.5,0.0,0.0,0.0,0.0,1.0,1,1.0,1,1,-0.1878422769380683,,0.0,0.0,0.0,0.0,0.0,0.0,0.0,0.0,1.0,0.0,0.0,0.0,0.0,0.0,0.0,0.0,0.0,1.0,0.0
-0.2903558311967292,-0.1046374011471275,1.0,0.0,0.0,1.0,1.0,0.0,0,1.0,1,1,-0.3429916052744054,,0.0,0.0,0.0,0.0,0.0,0.0,0.0,0.0,0.0,0.0,0.0,1.0,0.0,0.0,0.0,0.0,0.0,0.0,1.0
0.5238635576190146,1.432359465278696,0.0,0.0,0.0,1.0,0.0,1.0,1,1.0,1,1,0.421248924135102,0.723784192711484,0.0,0.0,0.0,0.0,0.0,0.0,0.0,0.0,0.0,0.0,0.0,1.0,0.0,0.0,0.0,0.0,0.0,1.0,0.0
-0.277362968609244,0.3564616587806195,1.0,0.0,0.0,1.0,0.0,1.0,0,1.0,1,1,-0.32484821415469367,,0.0,0.0,0.0,0.0,0.0,0.0,0.0,0.0,0.0,0.0,0.0,1.0,0.0,0.0,0.0,0.0,0.0,1.0,0.0
1.0414125840205113,1.3555096219574048,0.0,0.0,0.0,1.0,0.0,1.0,0,1.0,1,1,0.7136420113752913,1.0204962440011778,0.0,0.0,0.0,0.0,0.0,0.0,0.0,0.0,0.0,0.0,0.0,1.0,0.0,0.0,0.0,0.0,0.0,1.0,0.0
-0.0629807359157369,1.432359465278696,0.5,0.0,0.0,1.0,0.0,1.0,0,1.0,1,1,-0.06505143763353603,,0.0,0.0,0.0,0.0,0.0,0.0,0.0,0.0,0.0,0.0,0.0,1.0,0.0,0.0,0.0,0.0,0.0,1.0,0.0
-0.277362968609244,-0.1046374011471275,1.0,0.0,0.0,1.0,0.0,1.0,0,1.0,1,1,-0.32484821415469367,,0.0,0.0,0.0,0.0,0.0,0.0,0.0,0.0,0.0,0.0,0.0,1.0,0.0,0.0,0.0,0.0,0.0,0.0,1.0
-0.3206725105675282,0.6638610320657843,1.0,0.0,0.0,1.0,0.0,1.0,0,1.0,1,1,-0.3866519563101637,,0.0,0.0,0.0,0.0,0.0,0.0,0.0,0.0,0.0,0.0,0.0,1.0,0.0,0.0,0.0,0.0,0.0,1.0,0.0
-0.6260047813734322,-0.1046374011471275,0.5,0.0,0.0,1.0,0.0,1.0,0,1.0,1,3,-0.9835122660702682,,0.0,0.0,0.0,0.0,0.0,0.0,0.0,0.0,0.0,0.0,0.0,1.0,0.0,0.0,0.0,0.0,0.0,0.0,1.0
0.5238635576190146,2.047158211849025,0.0,0.0,0.0,1.0,0.0,1.0,0,1.0,1,1,0.421248924135102,0.723784192711484,0.0,0.0,0.0,0.0,0.0,0.0,0.0,0.0,0.0,0.0,0.0,1.0,0.0,0.0,0.0,0.0,0.0,1.0,0.0
-0.2914385697456864,-0.1046374011471275,1.0,0.0,0.0,1.0,1.0,0.0,0,1.0,1,1,-0.34451851894621804,,0.0,0.0,0.0,0.0,0.0,0.0,0.0,0.0,0.0,0.0,0.0,1.0,0.0,0.0,0.0,0.0,0.0,0.0,1.0
0.2080633705217932,-2.1987956316523123,1.0,0.25,0.1666666666666666,0.0,0.0,0.0,1,1.4166666666666663,0,4,0.18901855717791535,0.4561396392792378,0.0,0.0,0.0,0.0,0.0,0.0,0.0,0.0,1.0,0.0,0.0,0.0,0.0,0.0,0.0,0.0,0.0,0.0,1.0
-0.3120106021758714,-0.1046374011471275,1.0,0.0,0.0,1.0,0.0,1.0,0,1.0,1,1,-0.3739818513068788,,0.0,0.0,0.0,0.0,0.0,0.0,0.0,0.0,0.0,0.0,0.0,1.0,0.0,0.0,0.0,0.0,0.0,0.0,1.0
-0.2508358741597949,0.6638610320657843,1.0,0.0,0.0,1.0,0.0,1.0,0,1.0,1,1,-0.28879719284721256,,0.0,0.0,0.0,0.0,0.0,0.0,0.0,0.0,0.0,0.0,0.0,1.0,0.0,0.0,0.0,0.0,0.0,1.0,0.0
0.5758350079689557,0.2796118154593283,0.5,0.125,0.3333333333333333,0.0,0.0,1.0,1,1.4583333333333333,0,3,0.4547852955802395,0.758837932610749,0.0,0.0,0.0,0.0,0.0,0.0,0.0,0.0,0.0,0.0,0.0,0.0,1.0,0.0,0.0,0.0,0.0,1.0,0.0
-0.0286925715473632,-0.4888866177535834,0.5,0.0,0.0,0.0,0.0,0.0,1,1.0,1,1,-0.029112250654331193,,0.0,0.0,0.0,0.0,0.0,0.0,0.0,0.0,0.0,0.0,0.0,0.0,1.0,0.0,0.0,0.0,0.0,0.0,1.0
-0.1999471623588108,-0.5657364610748746,1.0,0.0,0.0,0.0,0.0,1.0,0,1.0,1,1,-0.22307750644373373,,0.0,0.0,0.0,0.0,0.0,0.0,0.0,0.0,1.0,0.0,0.0,0.0,0.0,0.0,0.0,0.0,0.0,0.0,1.0
1.6260914004573488,-0.1046374011471275,0.0,0.0,0.0,1.0,0.0,1.0,0,1.0,1,2,0.9654965812373238,1.2751828890231192,0.0,0.0,0.0,0.0,0.0,0.0,0.0,0.0,0.0,0.0,0.0,1.0,0.0,0.0,0.0,0.0,0.0,0.0,1.0
0.283495599750537,0.3564616587806195,0.5,0.125,0.0,1.0,0.0,1.0,0,1.125,0,2,0.24958729300260246,0.5324430483634255,0.0,0.0,0.0,0.0,0.0,0.0,0.0,0.0,0.0,0.0,0.0,1.0,0.0,0.0,0.0,0.0,0.0,1.0,0.0
-0.320854410643753,-0.0277875578258363,1.0,0.125,0.0,1.0,0.0,1.0,0,1.125,0,1,-0.38691975709348736,,0.0,0.0,0.0,0.0,0.0,0.0,0.0,0.0,0.0,0.0,0.0,1.0,0.0,0.0,0.0,0.0,0.0,0.0,1.0
-0.300282378213568,-0.5657364610748746,1.0,0.0,0.0,1.0,0.0,1.0,0,1.0,1,1,-0.35707842277332535,,0.0,0.0,0.0,0.0,0.0,0.0,0.0,0.0,0.0,0.0,0.0,1.0,0.0,0.0,0.0,0.0,0.0,0.0,1.0
-0.0938387845610145,-2.1027333275006983,1.0,0.0,0.1666666666666666,0.0,0.0,1.0,1,1.1666666666666663,0,1,-0.0985380467833198,,0.0,0.0,0.0,0.0,0.0,0.0,0.0,0.0,1.0,0.0,0.0,0.0,0.0,0.0,0.0,0.0,0.0,0.0,1.0
1.405212736470099,-1.56478442425166,1.0,0.625,0.3333333333333333,1.0,0.0,1.0,0,1.9583333333333333,0,6,0.877638355558454,1.1854166931801235,0.0,0.0,0.0,0.0,0.0,0.0,0.0,1.0,0.0,0.0,0.0,0.0,0.0,0.0,0.0,0.0,0.0,0.0,1.0
-0.6260047813734322,-0.1046374011471275,0.5,0.0,0.0,1.0,0.0,1.0,0,1.0,1,1,-0.9835122660702682,,0.0,0.0,0.0,0.0,0.0,0.0,0.0,0.0,0.0,0.0,0.0,1.0,0.0,0.0,0.0,0.0,0.0,0.0,1.0
-0.277362968609244,1.5860591519212783,1.0,0.0,0.0,1.0,0.0,1.0,0,1.0,1,1,-0.32484821415469367,,0.0,0.0,0.0,0.0,0.0,0.0,0.0,0.0,0.0,0.0,0.0,1.0,0.0,0.0,0.0,0.0,0.0,1.0,0.0
-0.2107745478483819,2.585107115098064,1.0,0.0,0.0,0.0,0.0,1.0,1,1.0,1,1,-0.2367032547814673,,0.0,0.0,0.0,0.0,0.0,0.0,0.0,0.0,0.0,0.0,0.0,0.0,1.0,0.0,0.0,0.0,0.0,1.0,0.0
3.3185936525535307,-0.335186931111001,0.0,0.125,0.0,1.0,0.0,0.0,1,1.125,0,2,1.46292980586488,1.8217007582348783,0.0,0.0,0.0,0.0,0.0,0.0,0.0,0.0,0.0,0.0,0.0,1.0,0.0,0.0,0.0,0.0,0.0,0.0,1.0
0.4769463308156052,-0.1046374011471275,1.0,0.375,0.1666666666666666,0.0,0.0,1.0,0,1.5416666666666663,0,4,0.3899766662713167,0.690613010893659,0.0,0.0,0.0,0.0,0.0,0.0,0.0,0.0,1.0,0.0,0.0,0.0,0.0,0.0,0.0,0.0,0.0,0.0,1.0
3.27185399487215,0.4333115021019107,0.0,0.125,0.0,0.0,0.0,1.0,1,1.125,0,2,1.4520479238435369,1.8088266901149348,0.0,0.0,0.0,0.0,0.0,0.0,0.0,0.0,0.0,0.0,0.0,0.0,1.0,0.0,0.0,0.0,0.0,1.0,0.0
0.6602886147876099,2.200857898491608,0.0,0.0,0.0,1.0,0.0,0.0,0,1.0,1,1,0.5069914515856865,0.8125814511712718,0.0,0.0,0.0,0.0,0.0,0.0,0.0,0.0,0.0,0.0,0.0,1.0,0.0,0.0,0.0,0.0,0.0,1.0,0.0
-0.277362968609244,0.0490622854954548,1.0,0.0,0.0,1.0,0.0,1.0,0,1.0,1,1,-0.32484821415469367,,0.0,0.0,0.0,0.0,0.0,0.0,0.0,0.0,0.0,0.0,0.0,1.0,0.0,0.0,0.0,0.0,0.0,1.0,0.0
0.0626169357632873,-1.56478442425166,1.0,0.125,0.1666666666666666,1.0,0.0,1.0,1,1.2916666666666663,0,2,0.06073467294956303,0.2502337622370077,0.0,0.0,0.0,0.0,0.0,0.0,0.0,1.0,0.0,0.0,0.0,0.0,0.0,0.0,0.0,0.0,0.0,0.0,1.0
0.2387438500450419,-0.1046374011471275,1.0,0.125,0.0,1.0,0.0,1.0,0,1.125,0,1,0.21409784200395832,0.4886142139203913,0.0,0.0,0.0,0.0,0.0,0.0,0.0,0.0,0.0,0.0,0.0,1.0,0.0,0.0,0.0,0.0,0.0,0.0,1.0
-0.3120106021758714,-0.6425863043961658,1.0,0.0,0.0,1.0,0.0,1.0,0,1.0,1,1,-0.3739818513068788,,0.0,0.0,0.0,0.0,0.0,0.0,0.0,0.0,0.0,0.0,0.0,1.0,0.0,0.0,0.0,0.0,0.0,0.0,1.0
0.6949362483542374,1.9703083685277345,0.0,0.0,0.0,1.0,0.0,1.0,0,1.0,1,1,0.5276451285346596,0.833628363453546,0.0,0.0,0.0,0.0,0.0,0.0,0.0,0.0,0.0,0.0,0.0,1.0,0.0,0.0,0.0,0.0,0.0,1.0,0.0
1.5179994456378627,3.1999058616683933,0.0,0.0,0.0,1.0,0.0,0.0,0,1.0,1,1,0.9234647154624261,1.232071201529304,0.0,0.0,0.0,0.0,0.0,0.0,0.0,0.0,0.0,0.0,0.0,1.0,0.0,0.0,0.0,0.0,0.0,1.0,0.0
-0.277362968609244,-0.6425863043961658,1.0,0.0,0.0,1.0,0.0,1.0,0,1.0,1,1,-0.32484821415469367,,0.0,0.0,0.0,0.0,0.0,0.0,0.0,0.0,0.0,0.0,0.0,1.0,0.0,0.0,0.0,0.0,0.0,0.0,1.0
0.0001775691220289,-0.1046374011471275,1.0,0.0,0.0,1.0,0.0,0.0,0,1.0,1,2,0.00017755335849840086,0.01332550644549392,0.0,0.0,0.0,0.0,0.0,0.0,0.0,0.0,0.0,0.0,0.0,1.0,0.0,0.0,0.0,0.0,0.0,0.0,1.0
2.7636901462130137,1.893458525206443,0.0,0.125,0.0,0.0,0.0,0.0,1,1.125,0,2,1.3253998979873942,1.6624350051093768,0.0,0.0,0.0,0.0,0.0,0.0,0.0,0.0,1.0,0.0,0.0,0.0,0.0,0.0,0.0,0.0,0.0,1.0,0.0
0.0279693021966599,-0.1046374011471275,1.0,0.0,0.0,1.0,0.0,1.0,0,1.0,1,1,0.027585304910703753,0.16724025291974387,0.0,0.0,0.0,0.0,0.0,0.0,0.0,0.0,0.0,0.0,0.0,1.0,0.0,0.0,0.0,0.0,0.0,0.0,1.0
5.937556302404546,-0.335186931111001,0.0,0.125,0.3333333333333333,0.0,0.0,1.0,0,1.4583333333333333,0,4,1.9369495947015376,2.4367101391845,0.0,0.0,0.0,0.0,0.0,0.0,0.0,0.0,0.0,0.0,0.0,0.0,1.0,0.0,0.0,0.0,0.0,0.0,1.0
-0.2883722541750398,-0.4120367744322922,1.0,0.0,0.0,1.0,0.0,1.0,0,1.0,1,1,-0.34020033319037424,,0.0,0.0,0.0,0.0,0.0,0.0,0.0,0.0,0.0,0.0,0.0,1.0,0.0,0.0,0.0,0.0,0.0,0.0,1.0
-0.2508358741597949,-0.9499856776813304,1.0,0.0,0.0,1.0,0.0,1.0,0,1.0,1,1,-0.28879719284721256,,0.0,0.0,0.0,0.0,0.0,0.0,0.0,0.0,0.0,0.0,0.0,1.0,0.0,0.0,0.0,0.0,0.0,0.0,1.0
-0.2903558311967292,-0.6425863043961658,1.0,0.0,0.0,0.0,1.0,0.0,0,1.0,1,1,-0.3429916052744054,,0.0,0.0,0.0,0.0,0.0,0.0,0.0,0.0,1.0,0.0,0.0,0.0,0.0,0.0,0.0,0.0,0.0,0.0,1.0
-0.29558762386529,-0.1046374011471275,1.0,0.0,0.0,0.0,1.0,0.0,0,1.0,1,1,-0.35039133276044304,,0.0,0.0,0.0,0.0,0.0,0.0,0.0,0.0,1.0,0.0,0.0,0.0,0.0,0.0,0.0,0.0,0.0,0.0,1.0
-0.2107745478483819,0.5870111887444931,1.0,0.0,0.0,0.0,0.0,1.0,0,1.0,1,1,-0.2367032547814673,,0.0,0.0,0.0,0.0,0.0,0.0,0.0,0.0,1.0,0.0,0.0,0.0,0.0,0.0,0.0,0.0,0.0,1.0,0.0
3.120270598018155,-1.0268355210026217,0.0,0.0,0.0,0.0,0.0,1.0,1,1.0,1,3,1.4159188403352756,1.7664287695851637,0.0,0.0,0.0,0.0,0.0,0.0,0.0,0.0,1.0,0.0,0.0,0.0,0.0,0.0,0.0,0.0,0.0,0.0,1.0
4.090404337883722,-0.8731358343600393,0.0,0.125,0.0,1.0,0.0,0.0,0,1.125,0,2,1.6273572651056019,2.0224748052531387,0.0,0.0,0.0,0.0,0.0,0.0,0.0,0.0,0.0,0.0,0.0,1.0,0.0,0.0,0.0,0.0,0.0,0.0,1.0
0.5000433095419583,0.2796118154593283,0.5,0.0,0.3333333333333333,0.0,0.0,1.0,1,1.3333333333333333,0,2,0.40549398071931875,0.7071374049942192,0.0,0.0,0.0,0.0,0.0,0.0,0.0,0.0,0.0,0.0,0.0,0.0,1.0,0.0,0.0,0.0,0.0,1.0,0.0
0.5238635576190146,-0.1046374011471275,0.0,0.0,0.0,1.0,0.0,1.0,1,1.0,1,1,0.421248924135102,0.723784192711484,0.0,0.0,0.0,0.0,0.0,0.0,0.0,0.0,0.0,0.0,0.0,1.0,0.0,0.0,0.0,0.0,0.0,0.0,1.0
0.3495426512369204,-0.1046374011471275,1.0,0.0,0.0,1.0,0.0,1.0,0,1.0,1,1,0.29976575819095297,0.5912213217035736,0.0,0.0,0.0,0.0,0.0,0.0,0.0,0.0,0.0,0.0,0.0,1.0,0.0,0.0,0.0,0.0,0.0,0.0,1.0
1.8208024391934032,-0.2583370877897099,1.0,0.0,0.0,1.0,0.0,1.0,1,1.0,1,7,1.0370213973779847,1.3493711273009377,0.0,0.0,0.0,0.0,0.0,0.0,0.0,0.0,0.0,0.0,0.0,1.0,0.0,0.0,0.0,0.0,0.0,0.0,1.0
-0.2903558311967292,-0.0277875578258363,1.0,0.0,0.0,1.0,1.0,0.0,1,1.0,1,1,-0.3429916052744054,,0.0,0.0,0.0,0.0,0.0,0.0,0.0,0.0,0.0,0.0,0.0,1.0,0.0,0.0,0.0,0.0,0.0,0.0,1.0
-0.277362968609244,-0.1046374011471275,1.0,0.0,0.0,1.0,0.0,1.0,0,1.0,1,1,-0.32484821415469367,,0.0,0.0,0.0,0.0,0.0,0.0,0.0,0.0,0.0,0.0,0.0,1.0,0.0,0.0,0.0,0.0,0.0,0.0,1.0
0.5124948028549651,0.5101613454232019,0.0,0.0,0.0,1.0,0.0,1.0,1,1.0,1,1,0.41376047478800726,0.7158874233110714,0.0,0.0,0.0,0.0,0.0,0.0,0.0,0.0,0.0,0.0,0.0,1.0,0.0,0.0,0.0,0.0,0.0,1.0,0.0
1.946582010948652,1.893458525206443,0.0,0.125,0.0,0.0,0.0,0.0,1,1.125,0,1,1.0806458582526794,1.3951996312172148,0.0,0.0,0.0,0.0,0.0,0.0,0.0,0.0,0.0,0.0,0.0,0.0,1.0,0.0,0.0,0.0,0.0,1.0,0.0
-0.3013651167625251,-0.4120367744322922,1.0,0.0,0.0,1.0,0.0,1.0,0,1.0,1,1,-0.35862701479350156,,0.0,0.0,0.0,0.0,0.0,0.0,0.0,0.0,0.0,0.0,0.0,1.0,0.0,0.0,0.0,0.0,0.0,0.0,1.0
0.8474204836809646,1.3555096219574048,0.0,0.0,0.0,1.0,0.0,1.0,0,1.0,1,1,0.6137903329577981,0.9205544436267551,0.0,0.0,0.0,0.0,0.0,0.0,0.0,0.0,0.0,0.0,0.0,1.0,0.0,0.0,0.0,0.0,0.0,1.0,0.0
-0.1712545908114476,0.3564616587806195,0.5,0.0,0.0,0.0,0.0,1.0,1,1.0,1,1,-0.1878422769380683,,0.0,0.0,0.0,0.0,0.0,0.0,0.0,0.0,0.0,0.0,0.0,0.0,1.0,0.0,0.0,0.0,0.0,1.0,0.0
0.4199206569191323,-0.1046374011471275,1.0,0.0,0.0,1.0,1.0,0.0,0,1.0,1,3,0.35060099464301875,0.6480128524336013,0.0,0.0,0.0,0.0,0.0,0.0,0.0,0.0,0.0,0.0,0.0,1.0,0.0,0.0,0.0,0.0,0.0,0.0,1.0
0.5000433095419583,0.5101613454232019,0.5,0.125,0.0,0.0,0.0,1.0,1,1.125,0,1,0.40549398071931875,0.7071374049942192,0.0,0.0,0.0,0.0,0.0,0.0,0.0,0.0,0.0,0.0,0.0,0.0,1.0,0.0,0.0,0.0,0.0,1.0,0.0
-0.2840412999792114,0.2027619721380371,1.0,0.0,0.0,1.0,0.0,1.0,0,1.0,1,1,-0.33413279522034667,,0.0,0.0,0.0,0.0,0.0,0.0,0.0,0.0,0.0,0.0,0.0,1.0,0.0,0.0,0.0,0.0,0.0,1.0,0.0
3.423437391726145,0.0490622854954548,0.0,0.0,0.0,0.0,0.0,1.0,1,1.0,1,2,1.4869170842808708,1.8502533317700431,0.0,0.0,0.0,0.0,0.0,0.0,0.0,0.0,1.0,0.0,0.0,0.0,0.0,0.0,0.0,0.0,0.0,1.0,0.0
-0.2840412999792114,-0.5657364610748746,1.0,0.0,0.0,1.0,0.0,1.0,0,1.0,1,1,-0.33413279522034667,,0.0,0.0,0.0,0.0,0.0,0.0,0.0,0.0,0.0,0.0,0.0,1.0,0.0,0.0,0.0,0.0,0.0,0.0,1.0
-0.3130933407248285,-0.1046374011471275,1.0,0.0,0.0,1.0,0.0,0.0,0,1.0,1,1,-0.37555686313005193,,0.0,0.0,0.0,0.0,0.0,0.0,0.0,0.0,0.0,0.0,0.0,1.0,0.0,0.0,0.0,0.0,0.0,0.0,1.0
1.8850478137343216,1.1249600919935314,0.0,0.0,0.1666666666666666,0.0,0.0,0.0,1,1.1666666666666663,0,2,1.0595414730408645,1.3729704343991977,0.0,0.0,0.0,0.0,0.0,0.0,0.0,0.0,0.0,0.0,0.0,0.0,1.0,0.0,0.0,0.0,0.0,1.0,0.0
-0.3129114406486037,-0.1046374011471275,1.0,0.0,0.0,1.0,0.0,0.0,0,1.0,1,1,-0.37529208771479355,,0.0,0.0,0.0,0.0,0.0,0.0,0.0,0.0,0.0,0.0,0.0,1.0,0.0,0.0,0.0,0.0,0.0,0.0,1.0
-0.2903558311967292,0.8559856403690123,1.0,0.0,0.0,1.0,1.0,0.0,0,1.0,1,1,-0.3429916052744054,,0.0,0.0,0.0,0.0,0.0,0.0,0.0,0.0,0.0,0.0,0.0,1.0,0.0,0.0,0.0,0.0,0.0,1.0,0.0
-0.1712545908114476,1.5860591519212783,0.5,0.0,0.0,0.0,0.0,1.0,1,1.0,1,1,-0.1878422769380683,,0.0,0.0,0.0,0.0,0.0,0.0,0.0,0.0,1.0,0.0,0.0,0.0,0.0,0.0,0.0,0.0,0.0,1.0,0.0
8.97915078650128,-0.1046374011471275,0.0,0.0,0.0,1.0,0.0,1.0,0,1.0,1,1,2.300497995169945,2.9965231162968324,0.0,0.0,0.0,0.0,0.0,0.0,0.0,0.0,0.0,0.0,0.0,1.0,0.0,0.0,0.0,0.0,0.0,0.0,1.0
-0.2827766613540295,0.7407108753870755,1.0,0.0,0.0,1.0,0.0,1.0,0,1.0,1,1,-0.332367996444908,,0.0,0.0,0.0,0.0,0.0,0.0,0.0,0.0,0.0,0.0,0.0,1.0,0.0,0.0,0.0,0.0,0.0,1.0,0.0
-0.1279450488531633,-0.4888866177535834,0.5,0.25,0.1666666666666666,1.0,0.0,1.0,0,1.4166666666666663,0,1,-0.1369028396884429,,0.0,0.0,0.0,0.0,0.0,0.0,0.0,0.0,0.0,0.0,0.0,1.0,0.0,0.0,0.0,0.0,0.0,0.0,1.0
0.5000433095419583,-2.1027333275006983,0.5,0.125,0.1666666666666666,0.0,0.0,1.0,1,1.2916666666666663,0,2,0.40549398071931875,0.7071374049942192,0.0,0.0,0.0,0.0,0.0,0.0,0.0,0.0,1.0,0.0,0.0,0.0,0.0,0.0,0.0,0.0,0.0,0.0,1.0
-0.3129114406486037,-0.1046374011471275,1.0,0.0,0.0,1.0,0.0,0.0,0,1.0,1,1,-0.37529208771479355,,0.0,0.0,0.0,0.0,0.0,0.0,0.0,0.0,0.0,0.0,0.0,1.0,0.0,0.0,0.0,0.0,0.0,0.0,1.0
-0.3129114406486037,-0.9499856776813304,1.0,0.125,0.1666666666666666,1.0,0.0,0.0,0,1.2916666666666663,0,1,-0.37529208771479355,,0.0,0.0,0.0,0.0,0.0,0.0,0.0,0.0,0.0,0.0,0.0,1.0,0.0,0.0,0.0,0.0,0.0,0.0,1.0
0.3423229505924745,-0.1046374011471275,1.0,0.0,0.3333333333333333,0.0,0.0,0.0,1,1.3333333333333333,0,2,0.2944016583258559,0.5850837124655535,0.0,0.0,0.0,0.0,0.0,0.0,0.0,0.0,0.0,0.0,0.0,0.0,1.0,0.0,0.0,0.0,0.0,0.0,1.0
-0.2508358741597949,0.0490622854954548,1.0,0.0,0.0,0.0,0.0,1.0,0,1.0,1,1,-0.28879719284721256,,0.0,0.0,0.0,0.0,0.0,0.0,0.0,0.0,1.0,0.0,0.0,0.0,0.0,0.0,0.0,0.0,0.0,1.0,0.0
0.5108706950315294,-1.7184841108942424,0.5,0.0,0.3333333333333333,0.0,0.0,1.0,1,1.3333333333333333,0,3,0.41268610387202437,0.7147521913443353,0.0,0.0,0.0,0.0,0.0,0.0,0.0,0.0,1.0,0.0,0.0,0.0,0.0,0.0,0.0,0.0,0.0,0.0,1.0
0.5238635576190146,1.2018099353148226,0.0,0.0,0.0,1.0,0.0,1.0,0,1.0,1,1,0.421248924135102,0.723784192711484,0.0,0.0,0.0,0.0,0.0,0.0,1.0,0.0,0.0,0.0,0.0,0.0,0.0,0.0,0.0,0.0,0.0,1.0,0.0
3.983213221536969,0.0490622854954548,0.0,0.0,0.0,0.0,0.0,0.0,1,1.0,1,2,1.6060749081764996,1.9957988930593606,0.0,0.0,0.0,0.0,0.0,0.0,0.0,0.0,1.0,0.0,0.0,0.0,0.0,0.0,0.0,0.0,0.0,1.0,0.0
0.0019835770216894,-0.1046374011471275,1.0,0.0,0.0,1.0,0.0,1.0,0,1.0,1,1,0.0019816123304375243,0.04453736657784562,0.0,0.0,0.0,0.0,0.0,0.0,0.0,0.0,0.0,0.0,0.0,1.0,0.0,0.0,0.0,0.0,0.0,0.0,1.0
1.517817545561638,-0.5657364610748746,0.0,0.0,0.3333333333333333,0.0,0.0,0.0,1,1.3333333333333333,0,1,0.9233924729339062,1.2319973805011268,0.0,0.0,0.0,0.0,0.0,0.0,0.0,0.0,1.0,0.0,0.0,0.0,0.0,0.0,0.0,0.0,0.0,0.0,1.0
2.448972697664749,0.5101613454232019,0.0,0.0,0.3333333333333333,0.0,0.0,1.0,1,1.3333333333333333,0,2,1.2380764179085124,1.5649193901491376,0.0,0.0,0.0,0.0,0.0,0.0,0.0,0.0,1.0,0.0,0.0,0.0,0.0,0.0,0.0,0.0,0.0,1.0,0.0
0.7285011433719076,-1.56478442425166,1.0,0.5,0.3333333333333333,0.0,0.0,1.0,0,1.8333333333333333,0,7,0.5472546418614799,0.8535227843308623,0.0,0.0,0.0,0.0,0.0,0.0,0.0,0.0,1.0,0.0,0.0,0.0,0.0,0.0,0.0,0.0,0.0,0.0,1.0
0.7285011433719076,-1.4110847376090776,1.0,0.5,0.3333333333333333,0.0,0.0,1.0,0,1.8333333333333333,0,7,0.5472546418614799,0.8535227843308623,0.0,0.0,0.0,0.0,0.0,0.0,0.0,0.0,1.0,0.0,0.0,0.0,0.0,0.0,0.0,0.0,0.0,0.0,1.0
0.5000433095419583,0.2027619721380371,0.5,0.125,0.0,1.0,0.0,1.0,1,1.125,0,2,0.40549398071931875,0.7071374049942192,0.0,0.0,0.0,0.0,0.0,0.0,0.0,0.0,0.0,0.0,0.0,1.0,0.0,0.0,0.0,0.0,0.0,1.0,0.0
3.983213221536969,1.5860591519212783,0.0,0.125,0.0,1.0,0.0,0.0,0,1.125,0,2,1.6060749081764996,1.9957988930593606,0.0,0.0,0.0,0.0,0.0,0.0,0.0,0.0,0.0,0.0,0.0,1.0,0.0,0.0,0.0,0.0,0.0,1.0,0.0
0.5000433095419583,2.661956958419355,0.0,0.0,0.0,1.0,0.0,1.0,0,1.0,1,1,0.40549398071931875,0.7071374049942192,0.0,0.0,0.0,0.0,0.0,0.0,0.0,0.0,0.0,0.0,0.0,1.0,0.0,0.0,0.0,0.0,0.0,1.0,0.0
0.5000433095419583,-0.7962859910387481,0.5,0.125,0.0,0.0,0.0,1.0,1,1.125,0,2,0.40549398071931875,0.7071374049942192,0.0,0.0,0.0,0.0,0.0,0.0,0.0,0.0,0.0,0.0,0.0,0.0,1.0,0.0,0.0,0.0,0.0,0.0,1.0
-0.0256262559767167,-0.1046374011471275,0.5,0.0,0.0,1.0,0.0,0.0,1,1.0,1,1,-0.02596032817846164,,0.0,0.0,0.0,0.0,0.0,0.0,0.0,0.0,0.0,0.0,0.0,1.0,0.0,0.0,0.0,0.0,0.0,0.0,1.0
0.2629235673203519,0.2796118154593283,1.0,0.125,0.1666666666666666,1.0,0.0,1.0,0,1.2916666666666663,0,3,0.2334293247678229,0.5127607310630874,0.0,0.0,0.0,0.0,0.0,0.0,0.0,0.0,0.0,0.0,0.0,1.0,0.0,0.0,0.0,0.0,0.0,1.0,0.0
0.965620885593514,-1.6416342675729512,0.5,0.125,0.1666666666666666,1.0,0.0,1.0,1,1.2916666666666663,0,2,0.6758081677247073,0.982660106849522,0.0,0.0,0.0,0.0,0.0,0.0,0.0,1.0,0.0,0.0,0.0,0.0,0.0,0.0,0.0,0.0,0.0,0.0,1.0
4.176300152449588,-0.9499856776813304,0.0,0.0,0.3333333333333333,1.0,0.0,0.0,1,1.3333333333333333,0,4,1.6440905447849816,2.043599802419639,0.0,0.0,0.0,0.0,0.0,0.0,0.0,0.0,0.0,0.0,0.0,1.0,0.0,0.0,0.0,0.0,0.0,0.0,1.0
0.5000433095419583,-0.1814872444684187,0.5,0.0,0.0,1.0,0.0,1.0,0,1.0,1,1,0.40549398071931875,0.7071374049942192,0.0,0.0,0.0,0.0,0.0,0.0,0.0,0.0,0.0,0.0,0.0,1.0,0.0,0.0,0.0,0.0,0.0,0.0,1.0
-0.2869257154736331,-0.1046374011471275,1.0,0.0,0.0,1.0,1.0,0.0,0,1.0,1,1,-0.33816967812332976,,0.0,0.0,0.0,0.0,0.0,0.0,0.0,0.0,0.0,0.0,0.0,1.0,0.0,0.0,0.0,0.0,0.0,0.0,1.0
-0.3130933407248285,-0.5657364610748746,1.0,0.0,0.0,1.0,0.0,0.0,1,1.0,1,1,-0.37555686313005193,,0.0,0.0,0.0,0.0,0.0,0.0,0.0,0.0,0.0,0.0,0.0,1.0,0.0,0.0,0.0,0.0,0.0,0.0,1.0
-0.2892730926477721,-0.5657364610748746,1.0,0.0,0.0,0.0,0.0,1.0,1,1.0,1,1,-0.34146701951388614,,0.0,0.0,0.0,0.0,0.0,0.0,0.0,0.0,1.0,0.0,0.0,0.0,0.0,0.0,0.0,0.0,0.0,0.0,1.0
0.5238635576190146,2.5082572717767726,0.0,0.0,0.0,1.0,0.0,1.0,0,1.0,1,1,0.421248924135102,0.723784192711484,0.0,0.0,0.0,0.0,0.0,0.0,0.0,0.0,0.0,0.0,0.0,1.0,0.0,0.0,0.0,0.0,0.0,1.0,0.0
1.089053080174624,1.432359465278696,0.0,0.125,0.0,0.0,0.0,0.0,1,1.125,0,1,0.7367108916219485,1.0435770600078482,0.0,0.0,0.0,0.0,0.0,1.0,0.0,0.0,0.0,0.0,0.0,0.0,0.0,0.0,0.0,0.0,0.0,1.0,0.0
9.227998752685192,-0.1046374011471275,0.0,0.0,0.0,1.0,0.0,0.0,0,1.0,1,4,2.3251289354779345,3.0377621290491446,0.0,0.0,0.0,0.0,0.0,0.0,0.0,0.0,0.0,0.0,0.0,1.0,0.0,0.0,0.0,0.0,0.0,0.0,1.0
2.8236002356039083,0.7407108753870755,0.0,0.125,0.1666666666666666,0.0,0.0,1.0,1,1.2916666666666663,0,3,1.3411924488258147,1.6803571750089052,0.0,0.0,0.0,0.0,0.0,0.0,0.0,0.0,0.0,0.0,0.0,0.0,1.0,0.0,0.0,0.0,0.0,1.0,0.0
0.1275812487007136,0.5101613454232019,1.0,0.125,0.0,0.0,0.0,1.0,1,1.125,0,1,0.12007485073032889,0.3571851742453956,0.0,0.0,0.0,0.0,0.0,0.0,0.0,0.0,0.0,0.0,0.0,0.0,1.0,0.0,0.0,0.0,0.0,1.0,0.0
-0.2903558311967292,-0.1046374011471275,1.0,0.0,0.0,1.0,1.0,0.0,0,1.0,1,1,-0.3429916052744054,,0.0,0.0,0.0,0.0,0.0,0.0,0.0,0.0,0.0,0.0,0.0,1.0,0.0,0.0,0.0,0.0,0.0,0.0,1.0
-0.2840412999792114,0.8175607187083667,1.0,0.0,0.0,1.0,0.0,1.0,0,1.0,1,1,-0.33413279522034667,,0.0,0.0,0.0,0.0,0.0,0.0,0.0,0.0,0.0,0.0,0.0,1.0,0.0,0.0,0.0,0.0,0.0,1.0,0.0
-0.0413259649365948,-0.1046374011471275,0.5,0.0,0.0,1.0,0.0,1.0,0,1.0,1,1,-0.042204162750455194,,0.0,0.0,0.0,0.0,0.0,0.0,0.0,0.0,0.0,0.0,0.0,1.0,0.0,0.0,0.0,0.0,0.0,0.0,1.0
-0.277362968609244,-0.1046374011471275,1.0,0.0,0.0,1.0,0.0,1.0,0,1.0,1,1,-0.32484821415469367,,0.0,0.0,0.0,0.0,0.0,0.0,0.0,0.0,0.0,0.0,0.0,1.0,0.0,0.0,0.0,0.0,0.0,0.0,1.0
-0.277362968609244,-0.1046374011471275,1.0,0.0,0.0,0.0,0.0,1.0,0,1.0,1,1,-0.32484821415469367,,0.0,0.0,0.0,0.0,0.0,0.0,0.0,0.0,1.0,0.0,0.0,0.0,0.0,0.0,0.0,0.0,0.0,0.0,1.0
0.4199206569191323,-0.4120367744322922,1.0,0.25,0.0,1.0,0.0,1.0,0,1.25,0,2,0.35060099464301875,0.6480128524336013,0.0,0.0,0.0,0.0,0.0,0.0,0.0,0.0,0.0,0.0,0.0,1.0,0.0,0.0,0.0,0.0,0.0,0.0,1.0
-0.2840412999792114,-0.7962859910387481,1.0,0.0,0.0,1.0,0.0,1.0,0,1.0,1,1,-0.33413279522034667,,0.0,0.0,0.0,0.0,0.0,0.0,0.0,0.0,0.0,0.0,0.0,1.0,0.0,0.0,0.0,0.0,0.0,0.0,1.0
0.2867438153974083,-0.0277875578258363,1.0,0.0,0.6666666666666666,0.0,0.0,1.0,0,1.6666666666666663,0,4,0.2521148531645178,0.5354846546796727,0.0,0.0,0.0,0.0,0.0,0.0,0.0,0.0,0.0,0.0,0.0,0.0,1.0,0.0,0.0,0.0,0.0,0.0,1.0
-0.3129114406486037,-0.1046374011471275,1.0,0.0,0.0,1.0,0.0,0.0,0,1.0,1,1,-0.37529208771479355,,0.0,0.0,0.0,0.0,0.0,0.0,0.0,0.0,0.0,0.0,0.0,1.0,0.0,0.0,0.0,0.0,0.0,0.0,1.0
-0.2858429769246761,0.2027619721380371,1.0,0.0,0.0,1.0,0.0,1.0,1,1.0,1,1,-0.3366524205479082,,0.0,0.0,0.0,0.0,0.0,0.0,0.0,0.0,0.0,0.0,0.0,1.0,0.0,0.0,0.0,0.0,0.0,1.0,0.0
-0.1712545908114476,2.5082572717767726,0.5,0.0,0.0,1.0,0.0,1.0,1,1.0,1,1,-0.1878422769380683,,0.0,0.0,0.0,0.0,0.0,0.0,0.0,0.0,0.0,0.0,0.0,1.0,0.0,0.0,0.0,0.0,0.0,1.0,0.0
1.6035357910054742,1.816608681885152,0.0,0.25,0.0,0.0,0.0,1.0,1,1.25,0,1,0.9568704407917259,1.2663079368800758,0.0,0.0,0.0,0.0,0.0,0.0,0.0,0.0,0.0,0.0,0.0,0.0,1.0,0.0,0.0,0.0,0.0,1.0,0.0
0.5168257570507934,0.5101613454232019,0.0,0.0,0.0,1.0,0.0,1.0,1,1.0,1,1,0.4166198335524437,0.7189059445092894,0.0,0.0,0.0,0.0,0.0,0.0,0.0,0.0,0.0,0.0,0.0,1.0,0.0,0.0,0.0,0.0,0.0,1.0,0.0
-0.2903558311967292,-0.1046374011471275,1.0,0.0,0.0,0.0,1.0,0.0,1,1.0,1,1,-0.3429916052744054,,0.0,0.0,0.0,0.0,0.0,0.0,0.0,0.0,1.0,0.0,0.0,0.0,0.0,0.0,0.0,0.0,0.0,0.0,1.0
-0.277362968609244,-1.0268355210026217,1.0,0.0,0.0,1.0,0.0,1.0,0,1.0,1,1,-0.32484821415469367,,0.0,0.0,0.0,0.0,0.0,0.0,0.0,0.0,0.0,0.0,0.0,1.0,0.0,0.0,0.0,0.0,0.0,0.0,1.0
0.0019835770216894,-0.7962859910387481,1.0,0.0,0.0,1.0,0.0,1.0,0,1.0,1,2,0.0019816123304375243,0.04453736657784562,0.0,0.0,0.0,0.0,0.0,0.0,0.0,0.0,0.0,0.0,0.0,1.0,0.0,0.0,0.0,0.0,0.0,0.0,1.0
-0.0629807359157369,0.3564616587806195,0.5,0.0,0.0,0.0,0.0,1.0,1,1.0,1,1,-0.06505143763353603,,0.0,0.0,0.0,0.0,0.0,0.0,0.0,0.0,1.0,0.0,0.0,0.0,0.0,0.0,0.0,0.0,0.0,1.0,0.0
1.7949986140946572,0.7407108753870755,0.0,0.125,0.0,0.0,0.0,1.0,1,1.125,0,2,1.0278316107552965,1.3397755834820462,0.0,0.0,0.0,0.0,0.0,0.0,0.0,0.0,0.0,0.0,0.0,0.0,1.0,0.0,0.0,0.0,0.0,1.0,0.0
0.0001775691220289,-0.1046374011471275,1.0,0.125,0.0,0.0,0.0,0.0,0,1.125,0,1,0.00017755335849840086,0.01332550644549392,0.0,0.0,0.0,0.0,0.0,0.0,0.0,0.0,0.0,0.0,0.0,0.0,1.0,0.0,0.0,0.0,0.0,0.0,1.0
-0.2827766613540295,0.2027619721380371,1.0,0.0,0.0,1.0,0.0,1.0,1,1.0,1,1,-0.332367996444908,,0.0,0.0,0.0,0.0,0.0,0.0,0.0,0.0,0.0,0.0,0.0,1.0,0.0,0.0,0.0,0.0,0.0,1.0,0.0
0.6732814773750952,-0.335186931111001,0.5,0.125,0.1666666666666666,0.0,0.0,1.0,1,1.2916666666666663,0,1,0.5147866549388631,0.8205373101663904,0.0,0.0,0.0,0.0,0.0,0.0,0.0,0.0,1.0,0.0,0.0,0.0,0.0,0.0,0.0,0.0,0.0,0.0,1.0
4.176300152449588,0.7407108753870755,0.0,0.125,0.1666666666666666,0.0,0.0,0.0,1,1.2916666666666663,0,4,1.6440905447849816,2.043599802419639,0.0,0.0,0.0,0.0,0.0,0.0,0.0,0.0,0.0,0.0,0.0,0.0,1.0,0.0,0.0,0.0,0.0,1.0,0.0
0.5000433095419583,1.893458525206443,0.5,0.0,0.0,1.0,0.0,1.0,0,1.0,1,2,0.40549398071931875,0.7071374049942192,0.0,0.0,0.0,0.0,0.0,0.0,0.0,0.0,0.0,0.0,0.0,1.0,0.0,0.0,0.0,0.0,0.0,1.0,0.0
1.1117905897027232,0.5101613454232019,0.0,0.0,0.0,1.0,0.0,0.0,0,1.0,1,1,0.7475362083251934,1.0544148091252907,0.0,0.0,0.0,0.0,0.0,0.0,0.0,0.0,0.0,0.0,0.0,1.0,0.0,0.0,0.0,0.0,0.0,1.0,0.0
-0.2486703970618806,-0.1046374011471275,1.0,0.0,0.0,1.0,0.0,0.0,0,1.0,1,1,-0.2859108380964099,,0.0,0.0,0.0,0.0,0.0,0.0,0.0,0.0,0.0,0.0,0.0,1.0,0.0,0.0,0.0,0.0,0.0,0.0,1.0
2.8236002356039083,-0.8731358343600393,0.0,0.0,0.3333333333333333,0.0,0.0,1.0,1,1.3333333333333333,0,3,1.3411924488258147,1.6803571750089052,0.0,0.0,0.0,0.0,0.0,0.0,0.0,0.0,1.0,0.0,0.0,0.0,0.0,0.0,0.0,0.0,0.0,0.0,1.0
0.0236383480008315,1.3555096219574048,0.5,0.0,0.0,1.0,0.0,1.0,0,1.0,1,1,0.02336328845562398,0.15374767640791032,0.0,0.0,0.0,0.0,0.0,0.0,0.0,0.0,0.0,0.0,0.0,1.0,0.0,0.0,0.0,0.0,0.0,1.0,0.0
2.8041109417226804,2.3545575851341902,0.0,0.125,0.1666666666666666,1.0,0.0,0.0,1,1.2916666666666663,0,1,1.3360823087485836,1.6745479813139665,0.0,0.0,0.0,0.0,0.0,0.0,0.0,0.0,0.0,0.0,0.0,1.0,0.0,0.0,0.0,0.0,0.0,1.0,0.0
-0.277362968609244,-0.5657364610748746,1.0,0.0,0.0,1.0,0.0,1.0,0,1.0,1,1,-0.32484821415469367,,0.0,0.0,0.0,0.0,0.0,0.0,0.0,0.0,0.0,0.0,0.0,1.0,0.0,0.0,0.0,0.0,0.0,0.0,1.0
-0.277362968609244,-0.1046374011471275,1.0,0.0,0.0,1.0,0.0,1.0,0,1.0,1,1,-0.32484821415469367,,0.0,0.0,0.0,0.0,0.0,0.0,0.0,0.0,0.0,0.0,0.0,1.0,0.0,0.0,0.0,0.0,0.0,0.0,1.0
-0.3174242949206569,0.4333115021019107,1.0,0.0,0.0,1.0,0.0,1.0,0,1.0,1,1,-0.38188183488136807,,0.0,0.0,0.0,0.0,0.0,0.0,0.0,0.0,0.0,0.0,0.0,1.0,0.0,0.0,0.0,0.0,0.0,1.0,0.0
2.7636901462130137,1.7397588385638607,0.0,0.125,0.0,0.0,0.0,0.0,1,1.125,0,2,1.3253998979873942,1.6624350051093768,0.0,0.0,0.0,0.0,0.0,0.0,0.0,0.0,0.0,0.0,0.0,0.0,1.0,0.0,0.0,0.0,0.0,1.0,0.0
-0.3120106021758714,1.3555096219574048,1.0,0.0,0.0,1.0,0.0,1.0,0,1.0,1,1,-0.3739818513068788,,0.0,0.0,0.0,0.0,0.0,0.0,0.0,0.0,0.0,0.0,0.0,1.0,0.0,0.0,0.0,0.0,0.0,1.0,0.0
-0.2903558311967292,-0.1046374011471275,1.0,0.0,0.3333333333333333,0.0,1.0,0.0,0,1.3333333333333333,0,1,-0.3429916052744054,,0.0,0.0,0.0,0.0,0.0,0.0,0.0,0.0,1.0,0.0,0.0,0.0,0.0,0.0,0.0,0.0,0.0,0.0,1.0
0.5000433095419583,0.5870111887444931,0.5,0.125,0.0,1.0,0.0,1.0,0,1.125,0,1,0.40549398071931875,0.7071374049942192,0.0,0.0,0.0,0.0,0.0,0.0,0.0,0.0,0.0,0.0,0.0,1.0,0.0,0.0,0.0,0.0,0.0,1.0,0.0
0.4199206569191323,0.5101613454232019,1.0,0.125,0.1666666666666666,1.0,0.0,1.0,0,1.2916666666666663,0,3,0.35060099464301875,0.6480128524336013,0.0,0.0,0.0,0.0,0.0,0.0,0.0,0.0,0.0,0.0,0.0,1.0,0.0,0.0,0.0,0.0,0.0,1.0,0.0
0.803210103249948,-0.1046374011471275,0.5,0.0,0.0,0.0,0.0,1.0,1,1.0,1,3,0.5895684672435056,0.8962198967050151,0.0,0.0,0.0,0.0,0.0,0.0,0.0,0.0,1.0,0.0,0.0,0.0,0.0,0.0,0.0,0.0,0.0,0.0,1.0
-0.6260047813734322,1.5092093085999871,1.0,0.0,0.0,1.0,0.0,1.0,0,1.0,1,4,-0.9835122660702682,,0.0,0.0,0.0,0.0,0.0,0.0,0.0,0.0,0.0,0.0,0.0,1.0,0.0,0.0,0.0,0.0,0.0,1.0,0.0
-0.3130933407248285,-0.1046374011471275,1.0,0.0,0.0,1.0,0.0,0.0,0,1.0,1,1,-0.37555686313005193,,0.0,0.0,0.0,0.0,0.0,0.0,0.0,0.0,0.0,0.0,0.0,1.0,0.0,0.0,0.0,0.0,0.0,0.0,1.0
1.8395727946781235,1.5092093085999871,0.0,0.125,0.0,1.0,0.0,0.0,1,1.125,0,2,1.0436536164491172,1.3563085175129306,0.0,0.0,0.0,0.0,0.0,0.0,0.0,0.0,0.0,0.0,0.0,0.0,0.0,0.0,0.0,1.0,0.0,1.0,0.0
0.5433528515002425,-0.4120367744322922,0.5,0.25,0.1666666666666666,0.0,0.0,1.0,1,1.4166666666666663,0,2,0.4339572261104797,0.7371247190945658,0.0,0.0,0.0,0.0,0.0,0.0,0.0,0.0,0.0,0.0,0.0,0.0,1.0,0.0,0.0,0.0,0.0,0.0,1.0
-0.2840412999792114,-0.1046374011471275,1.0,0.0,0.0,1.0,0.0,1.0,0,1.0,1,1,-0.33413279522034667,,0.0,0.0,0.0,0.0,0.0,0.0,0.0,0.0,0.0,0.0,0.0,1.0,0.0,0.0,0.0,0.0,0.0,0.0,1.0
1.21031979765782,-0.1046374011471275,0.0,0.0,0.0,1.0,0.0,1.0,0,1.0,1,1,0.7931372098834715,1.1001453529683338,0.0,0.0,0.0,0.0,0.0,0.0,0.0,0.0,0.0,0.0,0.0,1.0,0.0,0.0,0.0,0.0,0.0,0.0,1.0
-0.277362968609244,1.1249600919935314,1.0,0.0,0.0,1.0,0.0,1.0,0,1.0,1,1,-0.32484821415469367,,0.0,0.0,0.0,0.0,0.0,0.0,0.0,0.0,0.0,0.0,0.0,1.0,0.0,0.0,0.0,0.0,0.0,1.0,0.0
0.5238635576190146,0.4333115021019107,0.0,0.0,0.0,1.0,0.0,0.0,1,1.0,1,1,0.421248924135102,0.723784192711484,0.0,0.0,0.0,0.0,0.0,0.0,0.0,0.0,0.0,0.0,0.0,1.0,0.0,0.0,0.0,0.0,0.0,1.0,0.0
0.0474585960778879,0.5101613454232019,1.0,0.125,0.0,1.0,0.0,1.0,0,1.125,0,1,0.04636684561567554,0.21784993935709027,0.0,0.0,0.0,0.0,0.0,0.0,0.0,0.0,0.0,0.0,0.0,1.0,0.0,0.0,0.0,0.0,0.0,1.0,0.0
-0.2840412999792114,0.0490622854954548,1.0,0.0,0.0,1.0,0.0,1.0,0,1.0,1,1,-0.33413279522034667,,0.0,0.0,0.0,0.0,0.0,0.0,0.0,0.0,0.0,0.0,0.0,1.0,0.0,0.0,0.0,0.0,0.0,1.0,0.0
0.6949362483542374,-0.1814872444684187,0.0,0.0,0.0,1.0,0.0,1.0,1,1.0,1,1,0.5276451285346596,0.833628363453546,0.0,0.0,0.0,0.0,0.0,0.0,0.0,0.0,0.0,0.0,0.0,1.0,0.0,0.0,0.0,0.0,0.0,0.0,1.0
1.1747713256184602,-0.5657364610748746,0.5,0.125,0.3333333333333333,0.0,0.0,0.0,1,1.4583333333333333,0,3,0.7769235213666127,1.083868684674698,0.0,0.0,0.0,0.0,0.0,0.0,0.0,0.0,0.0,0.0,0.0,0.0,1.0,0.0,0.0,0.0,0.0,0.0,1.0
6.020385801399765,0.8175607187083667,0.0,0.0,0.0,0.0,0.0,1.0,1,1.0,1,3,1.9488181739919677,2.453647448473347,0.0,0.0,0.0,0.0,0.0,0.0,0.0,0.0,1.0,0.0,0.0,0.0,0.0,0.0,0.0,0.0,0.0,1.0,0.0
0.7285011433719076,0.7407108753870755,1.0,0.125,0.8333333333333333,0.0,0.0,1.0,0,1.9583333333333333,0,7,0.5472546418614799,0.8535227843308623,0.0,0.0,0.0,0.0,0.0,0.0,0.0,0.0,0.0,0.0,0.0,0.0,1.0,0.0,0.0,0.0,0.0,1.0,0.0
-0.3206725105675282,-0.1046374011471275,1.0,0.0,0.0,1.0,0.0,1.0,0,1.0,1,1,-0.3866519563101637,,0.0,0.0,0.0,0.0,0.0,0.0,0.0,0.0,0.0,0.0,0.0,1.0,0.0,0.0,0.0,0.0,0.0,0.0,1.0
0.0452931189799736,-0.1046374011471275,1.0,0.125,0.0,0.0,1.0,0.0,1,1.125,0,2,0.044297342716502645,0.21282180099786208,0.0,0.0,0.0,0.0,0.0,0.0,0.0,0.0,1.0,0.0,0.0,0.0,0.0,0.0,0.0,0.0,0.0,0.0,1.0
-0.2903558311967292,-0.1046374011471275,1.0,0.0,0.0,1.0,1.0,0.0,0,1.0,1,1,-0.3429916052744054,,0.0,0.0,0.0,0.0,0.0,0.0,0.0,0.0,0.0,0.0,0.0,1.0,0.0,0.0,0.0,0.0,0.0,0.0,1.0
-0.277362968609244,0.4333115021019107,1.0,0.0,0.0,1.0,0.0,1.0,0,1.0,1,1,-0.32484821415469367,,0.0,0.0,0.0,0.0,0.0,0.0,0.0,0.0,0.0,0.0,0.0,1.0,0.0,0.0,0.0,0.0,0.0,1.0,0.0
2.189115445915044,-0.4120367744322922,0.5,0.125,0.3333333333333333,0.0,0.0,1.0,1,1.4583333333333333,0,2,1.1597435886630567,1.4795659653814168,0.0,0.0,0.0,0.0,0.0,0.0,0.0,0.0,1.0,0.0,0.0,0.0,0.0,0.0,0.0,0.0,0.0,0.0,1.0
-0.0023473771741389,0.3564616587806195,1.0,0.125,0.1666666666666666,1.0,0.0,1.0,0,1.2916666666666663,0,2,-0.0023501365830324735,,0.0,0.0,0.0,0.0,0.0,0.0,0.0,0.0,0.0,0.0,0.0,1.0,0.0,0.0,0.0,0.0,0.0,1.0,0.0
0.0712788441549442,-0.2583370877897099,1.0,0.125,0.0,0.0,0.0,1.0,0,1.125,0,2,0.06885311626626012,0.2669809808861751,0.0,0.0,0.0,0.0,0.0,0.0,0.0,0.0,0.0,0.0,0.0,0.0,1.0,0.0,0.0,0.0,0.0,0.0,1.0
1.0630673549996534,-1.949033640858116,0.5,0.25,0.1666666666666666,0.0,0.0,1.0,1,1.4166666666666663,0,2,0.7241938826107526,1.0310515772742184,0.0,0.0,0.0,0.0,0.0,0.0,0.0,0.0,1.0,0.0,0.0,0.0,0.0,0.0,0.0,0.0,0.0,0.0,1.0
-0.1712545908114476,-0.2583370877897099,0.5,0.0,0.0,1.0,0.0,1.0,0,1.0,1,1,-0.1878422769380683,,0.0,0.0,0.0,0.0,0.0,0.0,0.0,0.0,0.0,0.0,0.0,1.0,0.0,0.0,0.0,0.0,0.0,0.0,1.0
0.0,-0.1814872444684187,1.0,0.125,0.0,1.0,0.0,0.0,0,1.125,0,2,0.0,0.0,0.0,0.0,0.0,0.0,0.0,0.0,0.0,0.0,0.0,0.0,0.0,1.0,0.0,0.0,0.0,0.0,0.0,0.0,1.0
1.6500935486106298,0.9712604053509488,0.0,0.125,0.0,1.0,0.0,1.0,1,1.125,0,1,0.9745949407375543,1.2845596710976994,0.0,0.0,0.0,0.0,0.0,0.0,0.0,0.0,0.0,0.0,0.0,1.0,0.0,0.0,0.0,0.0,0.0,1.0,0.0
0.0557610352712909,-0.719436147717457,1.0,0.125,0.1666666666666666,1.0,0.0,0.0,1,1.2916666666666663,0,2,0.054261867319358933,0.23613774639242008,0.0,0.0,0.0,0.0,0.0,0.0,0.0,0.0,0.0,0.0,0.0,1.0,0.0,0.0,0.0,0.0,0.0,0.0,1.0
-0.2858429769246761,-0.6425863043961658,1.0,0.0,0.0,1.0,0.0,1.0,0,1.0,1,1,-0.3366524205479082,,0.0,0.0,0.0,0.0,0.0,0.0,0.0,0.0,0.0,0.0,0.0,1.0,0.0,0.0,0.0,0.0,0.0,0.0,1.0
0.0712788441549442,-0.6425863043961658,1.0,0.0,0.0,1.0,0.0,1.0,0,1.0,1,2,0.06885311626626012,0.2669809808861751,0.0,0.0,0.0,0.0,0.0,0.0,0.0,0.0,0.0,0.0,0.0,1.0,0.0,0.0,0.0,0.0,0.0,0.0,1.0
0.7737942623518813,2.4314074284554814,0.0,0.0,0.0,1.0,0.0,1.0,0,1.0,1,1,0.5731209032903546,0.8796557635529261,0.0,0.0,0.0,0.0,0.0,0.0,0.0,0.0,0.0,0.0,0.0,1.0,0.0,0.0,0.0,0.0,0.0,1.0,0.0
-0.0911319381886217,2.1240080551703167,0.5,0.0,0.0,1.0,1.0,0.0,0,1.0,1,1,-0.09555534186157015,,0.0,0.0,0.0,0.0,0.0,0.0,0.0,0.0,0.0,0.0,0.0,0.0,0.0,0.0,1.0,0.0,0.0,1.0,0.0
2.7503334834730784,-0.6425863043961658,0.0,0.0,0.0,0.0,0.0,1.0,1,1.0,1,3,1.321844764954531,1.6584129411799338,0.0,0.0,0.0,0.0,0.0,0.0,0.0,0.0,1.0,0.0,0.0,0.0,0.0,0.0,0.0,0.0,0.0,0.0,1.0
-0.2840412999792114,-0.2583370877897099,1.0,0.0,0.0,1.0,0.0,1.0,0,1.0,1,1,-0.33413279522034667,,0.0,0.0,0.0,0.0,0.0,0.0,0.0,0.0,0.0,0.0,0.0,1.0,0.0,0.0,0.0,0.0,0.0,0.0,1.0
-0.2910791005474326,-0.1046374011471275,1.0,0.0,0.0,1.0,1.0,0.0,0,1.0,1,1,-0.34401132503144927,,0.0,0.0,0.0,0.0,0.0,0.0,0.0,0.0,0.0,0.0,0.0,1.0,0.0,0.0,0.0,0.0,0.0,0.0,1.0
0.6732814773750952,3.8915544515600136,0.0,0.0,0.0,1.0,0.0,1.0,1,1.0,1,1,0.5147866549388631,0.8205373101663904,0.0,0.0,0.0,0.0,0.0,0.0,0.0,0.0,0.0,0.0,0.0,1.0,0.0,0.0,0.0,0.0,0.0,1.0,0.0
-0.3204906104913034,1.6629089952425695,1.0,0.0,0.0,1.0,0.0,1.0,0,1.0,1,1,-0.3863842272248991,,0.0,0.0,0.0,0.0,0.0,0.0,0.0,0.0,0.0,0.0,0.0,1.0,0.0,0.0,0.0,0.0,0.0,1.0,0.0
0.6949362483542374,0.2027619721380371,0.0,0.0,0.0,1.0,0.0,0.0,1,1.0,1,1,0.5276451285346596,0.833628363453546,0.0,0.0,0.0,1.0,0.0,0.0,0.0,0.0,0.0,0.0,0.0,0.0,0.0,0.0,0.0,0.0,0.0,1.0,0.0
-0.6260047813734322,-0.1046374011471275,0.0,0.0,0.0,1.0,0.0,1.0,0,1.0,1,1,-0.9835122660702682,,0.0,0.0,0.0,0.0,0.0,0.0,0.0,0.0,0.0,0.0,0.0,1.0,0.0,0.0,0.0,0.0,0.0,0.0,1.0
0.5823314392626983,-1.56478442425166,1.0,0.375,0.3333333333333333,0.0,0.0,1.0,0,1.7083333333333333,0,6,0.4588993538892099,0.763106440323169,0.0,0.0,0.0,0.0,0.0,0.0,0.0,0.0,1.0,0.0,0.0,0.0,0.0,0.0,0.0,0.0,0.0,0.0,1.0
-0.0629807359157369,-0.1046374011471275,0.5,0.0,0.0,0.0,0.0,1.0,1,1.0,1,1,-0.06505143763353603,,0.0,0.0,0.0,0.0,0.0,0.0,0.0,0.0,1.0,0.0,0.0,0.0,0.0,0.0,0.0,0.0,0.0,0.0,1.0
-0.2827766613540295,0.2027619721380371,1.0,0.0,0.0,1.0,0.0,1.0,0,1.0,1,1,-0.332367996444908,,0.0,0.0,0.0,0.0,0.0,0.0,0.0,0.0,0.0,0.0,0.0,1.0,0.0,0.0,0.0,0.0,0.0,1.0,0.0
0.5108706950315294,0.125912128816746,0.5,0.125,0.1666666666666666,1.0,0.0,1.0,0,1.2916666666666663,0,3,0.41268610387202437,0.7147521913443353,0.0,0.0,0.0,0.0,0.0,0.0,0.0,0.0,0.0,0.0,0.0,1.0,0.0,0.0,0.0,0.0,0.0,1.0,0.0
1.092842665095974,0.8944105620296577,1.0,0.0,0.8333333333333333,0.0,0.0,1.0,0,1.8333333333333333,0,6,0.7385232686822532,1.0453911541121697,0.0,0.0,0.0,0.0,0.0,0.0,0.0,0.0,0.0,0.0,0.0,0.0,1.0,0.0,0.0,0.0,0.0,1.0,0.0
0.0712788441549442,-0.1046374011471275,1.0,0.125,0.0,1.0,0.0,1.0,0,1.125,0,2,0.06885311626626012,0.2669809808861751,0.0,0.0,0.0,0.0,0.0,0.0,0.0,0.0,0.0,0.0,0.0,1.0,0.0,0.0,0.0,0.0,0.0,0.0,1.0
-0.2858429769246761,-0.719436147717457,1.0,0.0,0.0,1.0,0.0,1.0,0,1.0,1,1,-0.3366524205479082,,0.0,0.0,0.0,0.0,0.0,0.0,0.0,0.0,0.0,0.0,0.0,1.0,0.0,0.0,0.0,0.0,0.0,0.0,1.0
2.375346476335666,-0.4120367744322922,0.0,0.0,0.0,0.0,0.0,0.0,1,1.0,1,2,1.2164979787103636,1.5412159084098718,0.0,0.0,0.0,0.0,0.0,0.0,0.0,0.0,0.0,1.0,0.0,0.0,0.0,0.0,0.0,0.0,0.0,0.0,1.0
0.5823314392626983,-2.1027333275006983,1.0,0.375,0.3333333333333333,0.0,0.0,1.0,0,1.7083333333333333,0,6,0.4588993538892099,0.763106440323169,0.0,0.0,0.0,0.0,0.0,0.0,0.0,0.0,1.0,0.0,0.0,0.0,0.0,0.0,0.0,0.0,0.0,0.0,1.0
1.8208024391934032,-0.1046374011471275,1.0,0.0,0.0,1.0,0.0,1.0,1,1.0,1,7,1.0370213973779847,1.3493711273009377,0.0,0.0,0.0,0.0,0.0,0.0,0.0,0.0,0.0,0.0,0.0,1.0,0.0,0.0,0.0,0.0,0.0,0.0,1.0
0.2080633705217932,-2.1987956316523123,1.0,0.25,0.1666666666666666,0.0,0.0,0.0,1,1.4166666666666663,0,4,0.18901855717791535,0.4561396392792378,0.0,0.0,0.0,0.0,0.0,0.0,0.0,0.0,1.0,0.0,0.0,0.0,0.0,0.0,0.0,0.0,0.0,0.0,1.0
2.697101725452152,1.432359465278696,0.0,0.125,0.0,1.0,0.0,0.0,1,1.125,0,3,1.3075491952513993,1.642285518858445,0.0,0.0,0.0,0.0,0.0,0.0,0.0,0.0,0.0,0.0,0.0,1.0,0.0,0.0,0.0,0.0,0.0,1.0,0.0
-0.2840412999792114,-0.7962859910387481,1.0,0.0,0.0,1.0,0.0,1.0,0,1.0,1,1,-0.33413279522034667,,0.0,0.0,0.0,0.0,0.0,0.0,0.0,0.0,0.0,0.0,0.0,1.0,0.0,0.0,0.0,0.0,0.0,0.0,1.0
0.9114839581456586,2.047158211849025,0.0,0.0,0.0,1.0,0.0,0.0,1,1.0,1,1,0.6478798818332969,0.9547166899901031,0.0,1.0,0.0,0.0,0.0,0.0,0.0,0.0,0.0,0.0,0.0,0.0,0.0,0.0,0.0,0.0,0.0,1.0,0.0
-0.2990177395883861,-0.1046374011471275,1.0,0.0,0.0,1.0,0.0,1.0,0,1.0,1,1,-0.35527269838527875,,0.0,0.0,0.0,0.0,0.0,0.0,0.0,0.0,0.0,0.0,0.0,1.0,0.0,0.0,0.0,0.0,0.0,0.0,1.0
-0.2990177395883861,-0.4888866177535834,1.0,0.0,0.0,0.0,0.0,1.0,1,1.0,1,1,-0.35527269838527875,,0.0,0.0,0.0,0.0,0.0,0.0,0.0,0.0,1.0,0.0,0.0,0.0,0.0,0.0,0.0,0.0,0.0,0.0,1.0
-0.2840412999792114,-0.1046374011471275,1.0,0.0,0.0,1.0,0.0,1.0,0,1.0,1,1,-0.33413279522034667,,0.0,0.0,0.0,0.0,0.0,0.0,0.0,0.0,0.0,0.0,0.0,1.0,0.0,0.0,0.0,0.0,0.0,0.0,1.0
0.3701146836671055,-0.8731358343600393,0.5,0.0,0.1666666666666666,0.0,0.0,1.0,1,1.1666666666666663,0,2,0.3148944470424043,0.6083705151197792,0.0,0.0,0.0,0.0,0.0,0.0,0.0,0.0,1.0,0.0,0.0,0.0,0.0,0.0,0.0,0.0,0.0,0.0,1.0
-0.2607624211766337,-0.6425863043961658,1.0,0.0,0.0,1.0,0.0,1.0,0,1.0,1,1,-0.30213592279400453,,0.0,0.0,0.0,0.0,0.0,0.0,0.0,0.0,0.0,0.0,0.0,1.0,0.0,0.0,0.0,0.0,0.0,0.0,1.0
-0.2869257154736331,-0.1046374011471275,1.0,0.0,0.0,0.0,1.0,0.0,1,1.0,1,1,-0.33816967812332976,,0.0,0.0,0.0,0.0,0.0,0.0,0.0,0.0,1.0,0.0,0.0,0.0,0.0,0.0,0.0,0.0,0.0,0.0,1.0
-0.3336653731550135,-0.8731358343600393,1.0,0.0,0.0,0.0,1.0,0.0,0,1.0,1,1,-0.4059632919136321,,0.0,0.0,0.0,0.0,0.0,0.0,0.0,0.0,1.0,0.0,0.0,0.0,0.0,0.0,0.0,0.0,0.0,0.0,1.0
2.55724655256046,-0.4120367744322922,0.5,0.25,0.0,1.0,0.0,1.0,0,1.25,0,5,1.2689868053126747,1.5991393161824456,0.0,0.0,0.0,0.0,0.0,0.0,0.0,0.0,0.0,0.0,0.0,1.0,0.0,0.0,0.0,0.0,0.0,0.0,1.0
-0.2840412999792114,-0.1046374011471275,1.0,0.0,0.0,1.0,0.0,1.0,0,1.0,1,1,-0.33413279522034667,,0.0,0.0,0.0,0.0,0.0,0.0,0.0,0.0,0.0,0.0,0.0,1.0,0.0,0.0,0.0,0.0,0.0,0.0,1.0
0.0452931189799736,0.2027619721380371,1.0,0.125,0.1666666666666666,0.0,1.0,0.0,0,1.2916666666666663,0,2,0.044297342716502645,0.21282180099786208,0.0,0.0,0.0,0.0,0.0,0.0,0.0,0.0,0.0,0.0,0.0,0.0,1.0,0.0,0.0,0.0,0.0,1.0,0.0
-0.0629807359157369,-0.4888866177535834,0.5,0.0,0.0,1.0,0.0,1.0,0,1.0,1,1,-0.06505143763353603,,0.0,0.0,0.0,0.0,0.0,0.0,0.0,0.0,0.0,0.0,0.0,1.0,0.0,0.0,0.0,0.0,0.0,0.0,1.0
4.279883583951216,2.200857898491608,0.0,0.0,0.3333333333333333,1.0,0.0,0.0,0,1.3333333333333333,0,3,1.6639040489810106,2.068787950455826,0.0,0.0,0.0,0.0,0.0,0.0,0.0,0.0,0.0,0.0,0.0,1.0,0.0,0.0,0.0,0.0,0.0,1.0,0.0
5.162315501351258,1.5860591519212783,0.0,0.25,0.0,1.0,0.0,1.0,1,1.25,0,2,1.818452599991828,2.2720729524712135,0.0,0.0,0.0,1.0,0.0,0.0,0.0,0.0,0.0,0.0,0.0,0.0,0.0,0.0,0.0,0.0,0.0,1.0,0.0
-0.3130933407248285,0.8175607187083667,1.0,0.0,0.0,1.0,0.0,0.0,0,1.0,1,1,-0.37555686313005193,,0.0,0.0,0.0,0.0,0.0,0.0,0.0,0.0,0.0,0.0,0.0,1.0,0.0,0.0,0.0,0.0,0.0,1.0,0.0
0.4821781234841659,1.3555096219574048,0.0,0.0,0.0,1.0,0.0,1.0,0,1.0,1,1,0.39351271093636364,0.6943904690332132,0.0,0.0,0.0,0.0,0.0,0.0,0.0,0.0,0.0,0.0,0.0,1.0,0.0,0.0,0.0,0.0,0.0,1.0,0.0
-0.3013651167625251,0.5101613454232019,1.0,0.0,0.0,1.0,0.0,1.0,0,1.0,1,1,-0.35862701479350156,,0.0,0.0,0.0,0.0,0.0,0.0,0.0,0.0,0.0,0.0,0.0,1.0,0.0,0.0,0.0,0.0,0.0,1.0,0.0
-0.2827766613540295,-0.719436147717457,1.0,0.125,0.0,1.0,0.0,1.0,1,1.125,0,1,-0.332367996444908,,0.0,0.0,0.0,0.0,0.0,0.0,0.0,0.0,0.0,0.0,0.0,1.0,0.0,0.0,0.0,0.0,0.0,0.0,1.0
2.55724655256046,0.2027619721380371,0.5,0.25,0.0,1.0,0.0,1.0,0,1.25,0,5,1.2689868053126747,1.5991393161824456,0.0,0.0,0.0,0.0,0.0,0.0,0.0,0.0,0.0,0.0,0.0,1.0,0.0,0.0,0.0,0.0,0.0,1.0,0.0
-0.0629807359157369,-0.335186931111001,0.5,0.0,0.0,1.0,0.0,1.0,0,1.0,1,1,-0.06505143763353603,,0.0,0.0,0.0,0.0,0.0,0.0,0.0,0.0,0.0,0.0,0.0,1.0,0.0,0.0,0.0,0.0,0.0,0.0,1.0
-0.2892730926477721,-0.1046374011471275,1.0,0.0,0.0,1.0,0.0,1.0,0,1.0,1,1,-0.34146701951388614,,0.0,0.0,0.0,0.0,0.0,0.0,0.0,0.0,0.0,0.0,0.0,1.0,0.0,0.0,0.0,0.0,0.0,0.0,1.0
-0.277362968609244,1.0481102486722402,1.0,0.0,0.0,1.0,0.0,1.0,0,1.0,1,1,-0.32484821415469367,,0.0,0.0,0.0,0.0,0.0,0.0,0.0,0.0,0.0,0.0,0.0,1.0,0.0,0.0,0.0,0.0,0.0,1.0,0.0
1.6260914004573488,-0.1046374011471275,0.0,0.125,0.0,0.0,0.0,1.0,1,1.125,0,2,0.9654965812373238,1.2751828890231192,0.0,0.0,0.0,0.0,0.0,0.0,0.0,0.0,0.0,0.0,0.0,0.0,1.0,0.0,0.0,0.0,0.0,0.0,1.0
1.0630673549996534,0.8175607187083667,0.5,0.125,0.1666666666666666,0.0,0.0,1.0,1,1.2916666666666663,0,2,0.7241938826107526,1.0310515772742184,0.0,0.0,0.0,0.0,0.0,0.0,0.0,0.0,0.0,0.0,0.0,0.0,1.0,0.0,0.0,0.0,0.0,1.0,0.0
1.6260914004573488,0.125912128816746,0.0,0.125,0.0,1.0,0.0,1.0,0,1.125,0,1,0.9654965812373238,1.2751828890231192,0.0,0.0,0.0,0.0,0.0,0.0,0.0,0.0,0.0,0.0,0.0,1.0,0.0,0.0,0.0,0.0,0.0,1.0,0.0
-0.1712545908114476,3.123056018347102,0.5,0.0,0.0,1.0,0.0,1.0,0,1.0,1,1,-0.1878422769380683,,0.0,0.0,0.0,0.0,0.0,0.0,0.0,0.0,0.0,0.0,0.0,1.0,0.0,0.0,0.0,0.0,0.0,1.0,0.0
-0.0629807359157369,0.125912128816746,0.5,0.0,0.0,1.0,0.0,1.0,1,1.0,1,1,-0.06505143763353603,,0.0,0.0,0.0,0.0,0.0,0.0,0.0,0.0,0.0,0.0,0.0,1.0,0.0,0.0,0.0,0.0,0.0,1.0,0.0
-0.6260047813734322,-0.1046374011471275,0.5,0.0,0.0,1.0,0.0,1.0,0,1.0,1,1,-0.9835122660702682,,0.0,0.0,0.0,0.0,0.0,0.0,0.0,0.0,0.0,0.0,0.0,1.0,0.0,0.0,0.0,0.0,0.0,0.0,1.0
-0.2892730926477721,-0.8731358343600393,1.0,0.0,0.0,1.0,0.0,1.0,0,1.0,1,1,-0.34146701951388614,,0.0,0.0,0.0,0.0,0.0,0.0,0.0,0.0,0.0,0.0,0.0,1.0,0.0,0.0,0.0,0.0,0.0,0.0,1.0
-0.277362968609244,-0.3736118527716466,1.0,0.0,0.0,1.0,0.0,1.0,0,1.0,1,1,-0.32484821415469367,,0.0,0.0,0.0,0.0,0.0,0.0,0.0,0.0,0.0,0.0,0.0,1.0,0.0,0.0,0.0,0.0,0.0,0.0,1.0
-0.1997652622825861,-0.8731358343600393,1.0,0.0,0.0,0.0,0.0,1.0,1,1.0,1,1,-0.22285017220730144,,0.0,0.0,0.0,0.0,0.0,0.0,0.0,0.0,1.0,0.0,0.0,0.0,0.0,0.0,0.0,0.0,0.0,0.0,1.0
1.405212736470099,1.0481102486722402,1.0,0.125,1.0,0.0,0.0,1.0,0,2.125,0,6,0.877638355558454,1.1854166931801235,0.0,0.0,0.0,0.0,0.0,0.0,0.0,0.0,0.0,0.0,0.0,0.0,1.0,0.0,0.0,0.0,0.0,1.0,0.0
21.56273820248077,0.5101613454232019,0.0,0.0,0.1666666666666666,1.0,0.0,0.0,1,1.1666666666666663,0,3,3.116299793488041,4.643569553961776,0.0,0.0,0.0,0.0,0.0,0.0,0.0,0.0,0.0,0.0,0.0,1.0,0.0,0.0,0.0,0.0,0.0,1.0,0.0
-0.2735733836878941,-0.1046374011471275,1.0,0.0,0.0,0.0,1.0,0.0,0,1.0,1,1,-0.31961781096750896,,0.0,0.0,0.0,0.0,0.0,0.0,0.0,0.0,1.0,0.0,0.0,0.0,0.0,0.0,0.0,0.0,0.0,0.0,1.0
2.697101725452152,-0.1814872444684187,0.0,0.0,0.0,1.0,0.0,0.0,1,1.0,1,3,1.3075491952513993,1.642285518858445,0.0,0.0,0.0,0.0,0.0,0.0,0.0,0.0,0.0,0.0,0.0,1.0,0.0,0.0,0.0,0.0,0.0,0.0,1.0
-0.22647425680826,-0.719436147717457,1.0,0.0,0.0,1.0,0.0,1.0,0,1.0,1,1,-0.2567963280855459,,0.0,0.0,0.0,0.0,0.0,0.0,0.0,0.0,0.0,0.0,0.0,1.0,0.0,0.0,0.0,0.0,0.0,0.0,1.0
1.405212736470099,-1.180535207645204,1.0,0.625,0.3333333333333333,1.0,0.0,1.0,0,1.9583333333333333,0,6,0.877638355558454,1.1854166931801235,0.0,0.0,0.0,0.0,0.0,0.0,0.0,0.0,0.0,0.0,0.0,1.0,0.0,0.0,0.0,0.0,0.0,0.0,1.0
1.0630673549996534,2.3545575851341902,0.5,0.125,0.1666666666666666,1.0,0.0,1.0,0,1.2916666666666663,0,2,0.7241938826107526,1.0310515772742184,0.0,0.0,0.0,0.0,0.0,0.0,0.0,0.0,0.0,0.0,0.0,1.0,0.0,0.0,0.0,0.0,0.0,1.0,0.0
1.1747713256184602,-0.335186931111001,0.5,0.125,0.3333333333333333,1.0,0.0,0.0,0,1.4583333333333333,0,3,0.7769235213666127,1.083868684674698,0.0,0.0,0.0,0.0,0.0,0.0,0.0,0.0,0.0,0.0,0.0,1.0,0.0,0.0,0.0,0.0,0.0,0.0,1.0
1.092842665095974,-1.180535207645204,1.0,0.5,0.1666666666666666,1.0,0.0,1.0,0,1.6666666666666663,0,6,0.7385232686822532,1.0453911541121697,0.0,0.0,0.0,0.0,0.0,0.0,0.0,0.0,0.0,0.0,0.0,1.0,0.0,0.0,0.0,0.0,0.0,0.0,1.0
-0.1855120920241147,-0.7962859910387481,1.0,0.0,0.0,1.0,0.0,1.0,0,1.0,1,1,-0.20519569699758708,,0.0,0.0,0.0,0.0,0.0,0.0,0.0,0.0,0.0,0.0,0.0,1.0,0.0,0.0,0.0,0.0,0.0,0.0,1.0
-0.2883722541750398,-0.8731358343600393,1.0,0.0,0.0,1.0,0.0,1.0,0,1.0,1,1,-0.34020033319037424,,0.0,0.0,0.0,0.0,0.0,0.0,0.0,0.0,0.0,0.0,0.0,1.0,0.0,0.0,0.0,0.0,0.0,0.0,1.0
8.526925542235466,-1.1036853643239128,0.0,0.0,0.1666666666666666,0.0,0.0,1.0,1,1.1666666666666663,0,3,2.254122057247,2.920089988722174,0.0,0.0,0.0,0.0,0.0,0.0,0.0,0.0,1.0,0.0,0.0,0.0,0.0,0.0,0.0,0.0,0.0,0.0,1.0
1.84263911024877,0.125912128816746,0.0,0.125,0.0,1.0,0.0,1.0,1,1.125,0,2,1.044732884846563,1.3574384370013877,0.0,0.0,0.0,0.0,0.0,0.0,0.0,0.0,0.0,0.0,0.0,1.0,0.0,0.0,0.0,0.0,0.0,1.0,0.0
-0.0449336497817198,-1.949033640858116,1.0,0.0,0.1666666666666666,0.0,0.0,0.0,1,1.1666666666666663,0,1,-0.04597446424644251,,0.0,0.0,0.0,0.0,0.0,0.0,0.0,0.0,1.0,0.0,0.0,0.0,0.0,0.0,0.0,0.0,0.0,0.0,1.0
1.8208024391934032,-0.1046374011471275,1.0,0.0,0.0,1.0,0.0,1.0,1,1.0,1,7,1.0370213973779847,1.3493711273009377,0.0,0.0,0.0,0.0,0.0,0.0,0.0,0.0,0.0,0.0,0.0,1.0,0.0,0.0,0.0,0.0,0.0,0.0,1.0
-0.3130933407248285,-0.335186931111001,1.0,0.0,0.0,1.0,0.0,0.0,0,1.0,1,1,-0.37555686313005193,,0.0,0.0,0.0,0.0,0.0,0.0,0.0,0.0,0.0,0.0,0.0,1.0,0.0,0.0,0.0,0.0,0.0,0.0,1.0
0.5238635576190146,2.3545575851341902,0.0,0.0,0.0,1.0,0.0,1.0,0,1.0,1,1,0.421248924135102,0.723784192711484,0.0,1.0,0.0,0.0,0.0,0.0,0.0,0.0,0.0,0.0,0.0,0.0,0.0,0.0,0.0,0.0,0.0,1.0,0.0
-0.0413259649365948,1.7397588385638607,0.5,0.0,0.0,1.0,0.0,1.0,0,1.0,1,1,-0.042204162750455194,,0.0,0.0,0.0,0.0,0.0,0.0,0.0,0.0,0.0,0.0,0.0,1.0,0.0,0.0,0.0,0.0,0.0,1.0,0.0
-0.277362968609244,1.1249600919935314,1.0,0.0,0.0,1.0,0.0,1.0,0,1.0,1,1,-0.32484821415469367,,0.0,0.0,0.0,0.0,0.0,0.0,0.0,0.0,0.0,0.0,0.0,1.0,0.0,0.0,0.0,0.0,0.0,1.0,0.0
-0.2910791005474326,-0.1046374011471275,1.0,0.0,0.0,0.0,1.0,0.0,1,1.0,1,1,-0.34401132503144927,,0.0,0.0,0.0,0.0,0.0,0.0,0.0,0.0,1.0,0.0,0.0,0.0,0.0,0.0,0.0,0.0,0.0,0.0,1.0
4.176300152449588,1.5092093085999871,0.0,0.125,0.1666666666666666,1.0,0.0,0.0,0,1.2916666666666663,0,4,1.6440905447849816,2.043599802419639,0.0,0.0,0.0,0.0,0.0,0.0,0.0,0.0,0.0,0.0,0.0,1.0,0.0,0.0,0.0,0.0,0.0,1.0,0.0
-0.2946867853925576,0.9712604053509488,1.0,0.0,0.0,1.0,0.0,1.0,0,1.0,1,1,-0.34911329879232156,,0.0,0.0,0.0,0.0,0.0,0.0,0.0,0.0,0.0,0.0,0.0,1.0,0.0,0.0,0.0,0.0,0.0,1.0,0.0
9.227998752685192,-0.8731358343600393,0.0,0.125,0.0,0.0,0.0,0.0,1,1.125,0,4,2.3251289354779345,3.0377621290491446,0.0,0.0,0.0,0.0,0.0,0.0,0.0,0.0,0.0,0.0,0.0,0.0,1.0,0.0,0.0,0.0,0.0,0.0,1.0
0.5124948028549651,0.4333115021019107,0.0,0.0,0.0,1.0,0.0,1.0,1,1.0,1,1,0.41376047478800726,0.7158874233110714,0.0,0.0,0.0,0.0,0.0,0.0,0.0,0.0,0.0,0.0,0.0,1.0,0.0,0.0,0.0,0.0,0.0,1.0,0.0
0.0,-0.8731358343600393,1.0,0.0,0.1666666666666666,0.0,0.0,0.0,0,1.1666666666666663,0,2,0.0,0.0,0.0,0.0,0.0,0.0,0.0,0.0,0.0,0.0,1.0,0.0,0.0,0.0,0.0,0.0,0.0,0.0,0.0,0.0,1.0
-0.290715300394983,-0.335186931111001,1.0,0.0,0.0,1.0,1.0,0.0,0,1.0,1,1,-0.34349828212614547,,0.0,0.0,0.0,0.0,0.0,0.0,0.0,0.0,0.0,0.0,0.0,1.0,0.0,0.0,0.0,0.0,0.0,0.0,1.0
-0.2858429769246761,-0.2583370877897099,1.0,0.125,0.0,1.0,0.0,1.0,0,1.125,0,1,-0.3366524205479082,,0.0,0.0,0.0,0.0,0.0,0.0,0.0,0.0,0.0,0.0,0.0,1.0,0.0,0.0,0.0,0.0,0.0,0.0,1.0
0.5000433095419583,0.7407108753870755,0.5,0.0,0.0,1.0,0.0,1.0,0,1.0,1,2,0.40549398071931875,0.7071374049942192,0.0,0.0,0.0,0.0,0.0,0.0,0.0,0.0,0.0,0.0,0.0,1.0,0.0,0.0,0.0,0.0,0.0,1.0,0.0
-0.0413259649365948,1.2018099353148226,0.5,0.0,0.0,0.0,0.0,1.0,1,1.0,1,1,-0.042204162750455194,,0.0,0.0,0.0,0.0,0.0,0.0,0.0,0.0,0.0,0.0,0.0,0.0,1.0,0.0,0.0,0.0,0.0,1.0,0.0
0.5124948028549651,0.9712604053509488,0.0,0.0,0.0,1.0,0.0,1.0,1,1.0,1,1,0.41376047478800726,0.7158874233110714,0.0,0.0,0.0,0.0,0.0,0.0,0.0,0.0,0.0,0.0,0.0,1.0,0.0,0.0,0.0,0.0,0.0,1.0,0.0
5.937556302404546,-0.5657364610748746,0.0,0.0,0.0,0.0,0.0,1.0,1,1.0,1,4,1.9369495947015376,2.4367101391845,0.0,0.0,0.0,0.0,0.0,0.0,0.0,0.0,1.0,0.0,0.0,0.0,0.0,0.0,0.0,0.0,0.0,0.0,1.0
0.0342838334141777,-0.1046374011471275,1.0,0.125,0.1666666666666666,1.0,0.0,0.0,1,1.2916666666666663,0,2,0.03370923881845429,0.18515894095122087,0.0,0.0,0.0,0.0,0.0,0.0,0.0,1.0,0.0,0.0,0.0,0.0,0.0,0.0,0.0,0.0,0.0,0.0,1.0
1.5179994456378627,-0.4120367744322922,0.0,0.0,0.0,0.0,0.0,0.0,1,1.0,1,1,0.9234647154624261,1.232071201529304,0.0,0.0,0.0,0.0,0.0,0.0,0.0,0.0,0.0,1.0,0.0,0.0,0.0,0.0,0.0,0.0,0.0,0.0,1.0
0.5238635576190146,-0.1046374011471275,0.0,0.0,0.0,1.0,0.0,1.0,0,1.0,1,1,0.421248924135102,0.723784192711484,0.0,0.0,0.0,0.0,0.0,0.0,0.0,0.0,0.0,0.0,0.0,1.0,0.0,0.0,0.0,0.0,0.0,0.0,1.0
1.6260914004573488,1.432359465278696,0.0,0.125,0.0,1.0,0.0,1.0,1,1.125,0,2,0.9654965812373238,1.2751828890231192,0.0,0.0,0.0,0.0,0.0,0.0,0.0,0.0,0.0,0.0,0.0,1.0,0.0,0.0,0.0,0.0,0.0,1.0,0.0
-0.2152874021204351,-0.0277875578258363,1.0,0.0,0.0,1.0,0.0,1.0,0,1.0,1,1,-0.2424377455879215,,0.0,0.0,0.0,0.0,0.0,0.0,0.0,0.0,0.0,0.0,0.0,1.0,0.0,0.0,0.0,0.0,0.0,0.0,1.0
-0.0629807359157369,1.7397588385638607,0.5,0.0,0.0,1.0,0.0,1.0,0,1.0,1,2,-0.06505143763353603,,0.0,0.0,0.0,0.0,0.0,0.0,0.0,0.0,0.0,0.0,0.0,1.0,0.0,0.0,0.0,0.0,0.0,1.0,0.0
-0.2946867853925576,-0.7962859910387481,1.0,0.0,0.0,1.0,0.0,1.0,0,1.0,1,1,-0.34911329879232156,,0.0,0.0,0.0,0.0,0.0,0.0,0.0,0.0,0.0,0.0,0.0,1.0,0.0,0.0,0.0,0.0,0.0,0.0,1.0
9.227998752685192,0.6638610320657843,0.0,0.0,0.0,0.0,0.0,0.0,1,1.0,1,4,2.3251289354779345,3.0377621290491446,0.0,0.0,0.0,0.0,0.0,0.0,0.0,0.0,1.0,0.0,0.0,0.0,0.0,0.0,0.0,0.0,0.0,1.0,0.0
-0.1712545908114476,-0.1814872444684187,0.5,0.0,0.0,0.0,0.0,1.0,1,1.0,1,1,-0.1878422769380683,,0.0,0.0,0.0,0.0,0.0,0.0,0.0,0.0,1.0,0.0,0.0,0.0,0.0,0.0,0.0,0.0,0.0,0.0,1.0
0.0452931189799736,-0.1046374011471275,1.0,0.0,0.0,1.0,1.0,0.0,0,1.0,1,1,0.044297342716502645,0.21282180099786208,0.0,0.0,0.0,0.0,0.0,0.0,0.0,0.0,0.0,0.0,0.0,1.0,0.0,0.0,0.0,0.0,0.0,0.0,1.0
-0.2892730926477721,0.2796118154593283,1.0,0.0,0.0,1.0,0.0,1.0,0,1.0,1,1,-0.34146701951388614,,0.0,0.0,0.0,0.0,0.0,0.0,0.0,0.0,0.0,0.0,0.0,1.0,0.0,0.0,0.0,0.0,0.0,1.0,0.0
0.803210103249948,-1.7953339542155335,0.5,0.0,0.1666666666666666,0.0,0.0,1.0,1,1.1666666666666663,0,3,0.5895684672435056,0.8962198967050151,0.0,0.0,0.0,0.0,0.0,0.0,0.0,0.0,1.0,0.0,0.0,0.0,0.0,0.0,0.0,0.0,0.0,0.0,1.0
-0.3204906104913034,-0.9499856776813304,1.0,0.125,0.0,1.0,0.0,1.0,0,1.125,0,1,-0.3863842272248991,,0.0,0.0,0.0,0.0,0.0,0.0,0.0,0.0,0.0,0.0,0.0,1.0,0.0,0.0,0.0,0.0,0.0,0.0,1.0
-0.0629807359157369,0.3564616587806195,0.5,0.0,0.0,1.0,0.0,1.0,0,1.0,1,1,-0.06505143763353603,,0.0,0.0,0.0,0.0,0.0,0.0,0.0,0.0,0.0,0.0,0.0,1.0,0.0,0.0,0.0,0.0,0.0,1.0,0.0
-0.0629807359157369,1.5860591519212783,0.5,0.0,0.0,1.0,0.0,1.0,0,1.0,1,1,-0.06505143763353603,,0.0,0.0,0.0,0.0,0.0,0.0,0.0,0.0,0.0,0.0,0.0,1.0,0.0,0.0,0.0,0.0,0.0,1.0,0.0
1.6737318966114614,-0.1814872444684187,0.0,0.125,0.0,1.0,0.0,1.0,1,1.125,0,2,0.9834752106057543,1.2937279067143375,0.0,0.0,0.0,0.0,0.0,0.0,0.0,0.0,0.0,0.0,0.0,1.0,0.0,0.0,0.0,0.0,0.0,0.0,1.0
-0.2508358741597949,-0.719436147717457,1.0,0.0,0.0,1.0,0.0,1.0,0,1.0,1,1,-0.28879719284721256,,0.0,0.0,0.0,0.0,0.0,0.0,0.0,0.0,0.0,0.0,0.0,1.0,0.0,0.0,0.0,0.0,0.0,0.0,1.0
0.283495599750537,0.0490622854954548,0.5,0.375,0.0,0.0,0.0,1.0,1,1.375,0,2,0.24958729300260246,0.5324430483634255,0.0,0.0,0.0,0.0,0.0,0.0,0.0,0.0,0.0,0.0,0.0,0.0,1.0,0.0,0.0,0.0,0.0,1.0,0.0
-0.2908972004712078,-0.1046374011471275,1.0,0.0,0.0,0.0,1.0,0.0,1,1.0,1,1,-0.3437547706771699,,0.0,0.0,0.0,0.0,0.0,0.0,0.0,0.0,1.0,0.0,0.0,0.0,0.0,0.0,0.0,0.0,0.0,0.0,1.0
0.5000433095419583,-0.335186931111001,0.5,0.125,0.0,1.0,0.0,1.0,0,1.125,0,1,0.40549398071931875,0.7071374049942192,0.0,0.0,0.0,0.0,0.0,0.0,0.0,0.0,0.0,0.0,0.0,1.0,0.0,0.0,0.0,0.0,0.0,0.0,1.0
-0.2827766613540295,-0.335186931111001,1.0,0.125,0.0,0.0,0.0,1.0,0,1.125,0,1,-0.332367996444908,,0.0,0.0,0.0,0.0,0.0,0.0,0.0,0.0,1.0,0.0,0.0,0.0,0.0,0.0,0.0,0.0,0.0,0.0,1.0
8.526925542235466,-0.0277875578258363,0.0,0.0,0.0,0.0,0.0,1.0,1,1.0,1,3,2.254122057247,2.920089988722174,0.0,0.0,0.0,0.0,0.0,0.0,0.0,0.0,1.0,0.0,0.0,0.0,0.0,0.0,0.0,0.0,0.0,0.0,1.0
0.1876732381678331,-1.4110847376090776,1.0,0.0,0.0,1.0,0.0,0.0,0,1.0,1,2,0.17199613105942266,0.4332126939135476,0.0,0.0,0.0,0.0,0.0,0.0,0.0,0.0,0.0,0.0,0.0,1.0,0.0,0.0,0.0,0.0,0.0,0.0,1.0
-0.6260047813734322,-0.1046374011471275,0.5,0.0,0.0,1.0,0.0,1.0,0,1.0,1,1,-0.9835122660702682,,0.0,0.0,0.0,0.0,0.0,0.0,0.0,0.0,0.0,0.0,0.0,1.0,0.0,0.0,0.0,0.0,0.0,0.0,1.0
-0.0629807359157369,-0.4888866177535834,0.5,0.0,0.0,1.0,0.0,1.0,0,1.0,1,1,-0.06505143763353603,,0.0,0.0,0.0,0.0,0.0,0.0,0.0,0.0,0.0,0.0,0.0,1.0,0.0,0.0,0.0,0.0,0.0,0.0,1.0
-0.0629807359157369,-0.4888866177535834,0.5,0.0,0.0,1.0,0.0,1.0,0,1.0,1,1,-0.06505143763353603,,0.0,0.0,0.0,0.0,0.0,0.0,0.0,0.0,0.0,0.0,0.0,1.0,0.0,0.0,0.0,0.0,0.0,0.0,1.0
0.0712788441549442,-0.0662124794864819,1.0,0.0,0.0,1.0,0.0,1.0,0,1.0,1,2,0.06885311626626012,0.2669809808861751,0.0,0.0,0.0,0.0,0.0,0.0,0.0,0.0,0.0,0.0,0.0,1.0,0.0,0.0,0.0,0.0,0.0,0.0,1.0
0.8627607234425888,1.432359465278696,1.0,0.125,0.5,0.0,0.0,1.0,0,1.625,0,4,0.6220596472154754,0.9288491392269193,0.0,0.0,0.0,0.0,0.0,0.0,0.0,0.0,0.0,0.0,0.0,0.0,1.0,0.0,0.0,0.0,0.0,1.0,0.0
21.56273820248077,0.4333115021019107,0.0,0.0,0.0,1.0,0.0,0.0,1,1.0,1,3,3.116299793488041,4.643569553961776,0.0,0.0,0.0,0.0,0.0,0.0,0.0,0.0,0.0,0.0,0.0,1.0,0.0,0.0,0.0,0.0,0.0,1.0,0.0
-0.2840412999792114,-0.1046374011471275,1.0,0.0,0.0,1.0,0.0,1.0,0,1.0,1,1,-0.33413279522034667,,0.0,0.0,0.0,0.0,0.0,0.0,0.0,0.0,0.0,0.0,0.0,1.0,0.0,0.0,0.0,0.0,0.0,0.0,1.0
-0.2840412999792114,-0.1046374011471275,1.0,0.0,0.0,1.0,0.0,1.0,0,1.0,1,1,-0.33413279522034667,,0.0,0.0,0.0,0.0,0.0,0.0,0.0,0.0,0.0,0.0,0.0,1.0,0.0,0.0,0.0,0.0,0.0,0.0,1.0
0.6732814773750952,-0.1046374011471275,0.0,0.0,0.0,1.0,0.0,1.0,1,1.0,1,1,0.5147866549388631,0.8205373101663904,0.0,0.0,0.0,0.0,0.0,0.0,0.0,0.0,0.0,0.0,0.0,1.0,0.0,0.0,0.0,0.0,0.0,0.0,1.0
2.788952602037281,0.5101613454232019,0.0,0.125,0.0,1.0,0.0,1.0,0,1.125,0,2,1.3320896225988337,1.6700157490386973,0.0,0.0,0.0,0.0,0.0,0.0,0.0,0.0,0.0,0.0,0.0,1.0,0.0,0.0,0.0,0.0,0.0,1.0,0.0
10.737336289931395,-0.6425863043961658,0.0,0.25,0.3333333333333333,0.0,0.0,0.0,1,1.5833333333333333,0,2,2.4627748968274337,3.2767874953880356,0.0,0.0,0.0,0.0,0.0,0.0,0.0,0.0,1.0,0.0,0.0,0.0,0.0,0.0,0.0,0.0,0.0,0.0,1.0
0.0712788441549442,-0.4120367744322922,1.0,0.125,0.0,1.0,0.0,1.0,0,1.125,0,1,0.06885311626626012,0.2669809808861751,0.0,0.0,0.0,0.0,0.0,0.0,0.0,0.0,0.0,0.0,0.0,1.0,0.0,0.0,0.0,0.0,0.0,0.0,1.0
-0.2827766613540295,0.125912128816746,1.0,0.0,0.0,1.0,0.0,1.0,1,1.0,1,1,-0.332367996444908,,0.0,0.0,0.0,0.0,0.0,0.0,0.0,0.0,0.0,0.0,0.0,1.0,0.0,0.0,0.0,0.0,0.0,1.0,0.0
2.448972697664749,3.123056018347102,0.0,0.125,0.1666666666666666,1.0,0.0,1.0,0,1.2916666666666663,0,2,1.2380764179085124,1.5649193901491376,1.0,0.0,0.0,0.0,0.0,0.0,0.0,0.0,0.0,0.0,0.0,0.0,0.0,0.0,0.0,0.0,0.0,1.0,0.0
0.2510134432818238,-1.0268355210026217,1.0,0.125,0.1666666666666666,1.0,0.0,1.0,0,1.2916666666666663,0,2,0.22395397745567205,0.5010124182910278,0.0,0.0,0.0,0.0,0.0,0.0,0.0,0.0,0.0,0.0,0.0,1.0,0.0,0.0,0.0,0.0,0.0,0.0,1.0
-0.0629807359157369,0.0490622854954548,0.5,0.0,0.0,0.0,0.0,1.0,1,1.0,1,1,-0.06505143763353603,,0.0,0.0,0.0,0.0,0.0,0.0,0.0,0.0,1.0,0.0,0.0,0.0,0.0,0.0,0.0,0.0,0.0,1.0,0.0
1.6737318966114614,-0.7962859910387481,0.0,0.125,0.0,1.0,0.0,1.0,0,1.125,0,1,0.9834752106057543,1.2937279067143375,0.0,0.0,0.0,0.0,0.0,0.0,0.0,0.0,0.0,0.0,0.0,1.0,0.0,0.0,0.0,0.0,0.0,0.0,1.0
-0.2903558311967292,0.125912128816746,1.0,0.0,0.0,1.0,1.0,0.0,0,1.0,1,1,-0.3429916052744054,,0.0,0.0,0.0,0.0,0.0,0.0,0.0,0.0,0.0,0.0,0.0,1.0,0.0,0.0,0.0,0.0,0.0,1.0,0.0
0.3701146836671055,-1.949033640858116,0.5,0.125,0.1666666666666666,0.0,0.0,1.0,1,1.2916666666666663,0,1,0.3148944470424043,0.6083705151197792,0.0,0.0,0.0,0.0,0.0,0.0,0.0,0.0,1.0,0.0,0.0,0.0,0.0,0.0,0.0,0.0,0.0,0.0,1.0
-0.0857182454438362,-1.7953339542155335,1.0,0.0,0.1666666666666666,1.0,0.0,1.0,1,1.1666666666666663,0,2,-0.08961648965326159,,0.0,0.0,0.0,0.0,0.0,0.0,0.0,1.0,0.0,0.0,0.0,0.0,0.0,0.0,0.0,0.0,0.0,0.0,1.0
-0.2145641327697318,0.2796118154593283,1.0,0.0,0.0,1.0,0.0,1.0,0,1.0,1,1,-0.24151647041180774,,0.0,0.0,0.0,0.0,0.0,0.0,0.0,0.0,0.0,0.0,0.0,1.0,0.0,0.0,0.0,0.0,0.0,1.0,0.0
-0.2840412999792114,-0.4888866177535834,1.0,0.0,0.0,1.0,0.0,1.0,0,1.0,1,1,-0.33413279522034667,,0.0,0.0,0.0,0.0,0.0,0.0,0.0,0.0,0.0,0.0,0.0,1.0,0.0,0.0,0.0,0.0,0.0,0.0,1.0
2.189115445915044,1.432359465278696,0.5,0.125,0.3333333333333333,0.0,0.0,1.0,1,1.4583333333333333,0,2,1.1597435886630567,1.4795659653814168,0.0,0.0,0.0,0.0,0.0,0.0,0.0,0.0,0.0,0.0,0.0,0.0,1.0,0.0,0.0,0.0,0.0,1.0,0.0
0.0019835770216894,-2.204943619118015,0.5,0.125,0.1666666666666666,1.0,0.0,1.0,1,1.2916666666666663,0,2,0.0019816123304375243,0.04453736657784562,0.0,0.0,0.0,0.0,0.0,0.0,0.0,1.0,0.0,0.0,0.0,0.0,0.0,0.0,0.0,0.0,0.0,0.0,1.0
-0.2883722541750398,-0.1046374011471275,1.0,0.0,0.0,1.0,0.0,1.0,0,1.0,1,1,-0.34020033319037424,,0.0,0.0,0.0,0.0,0.0,0.0,0.0,0.0,0.0,0.0,0.0,1.0,0.0,0.0,0.0,0.0,0.0,0.0,1.0
-0.1279450488531633,-0.8731358343600393,0.5,0.0,0.0,1.0,0.0,1.0,0,1.0,1,1,-0.1369028396884429,,0.0,0.0,0.0,0.0,0.0,0.0,0.0,0.0,0.0,0.0,0.0,1.0,0.0,0.0,0.0,0.0,0.0,0.0,1.0
-0.277362968609244,0.3564616587806195,1.0,0.0,0.0,1.0,0.0,1.0,0,1.0,1,1,-0.32484821415469367,,0.0,0.0,0.0,0.0,0.0,0.0,0.0,0.0,0.0,0.0,0.0,1.0,0.0,0.0,0.0,0.0,0.0,1.0,0.0
3.120270598018155,0.2796118154593283,0.0,0.0,0.0,0.0,0.0,1.0,1,1.0,1,3,1.4159188403352756,1.7664287695851637,0.0,0.0,0.0,0.0,0.0,0.0,0.0,0.0,0.0,0.0,0.0,0.0,0.0,0.0,0.0,0.0,1.0,1.0,0.0
0.0019835770216894,-0.1046374011471275,1.0,0.0,0.0,1.0,0.0,1.0,0,1.0,1,2,0.0019816123304375243,0.04453736657784562,0.0,0.0,0.0,0.0,0.0,0.0,0.0,0.0,0.0,0.0,0.0,1.0,0.0,0.0,0.0,0.0,0.0,0.0,1.0
-0.3174242949206569,0.8944105620296577,1.0,0.0,0.0,1.0,0.0,1.0,0,1.0,1,1,-0.38188183488136807,,0.0,0.0,0.0,0.0,0.0,0.0,0.0,0.0,0.0,0.0,0.0,1.0,0.0,0.0,0.0,0.0,0.0,1.0,0.0
-0.3129114406486037,-0.719436147717457,1.0,0.0,0.0,1.0,0.0,0.0,1,1.0,1,1,-0.37529208771479355,,0.0,0.0,0.0,0.0,0.0,0.0,0.0,0.0,0.0,0.0,0.0,1.0,0.0,0.0,0.0,0.0,0.0,0.0,1.0
4.571140253620677,0.5101613454232019,0.0,0.125,0.3333333333333333,0.0,0.0,1.0,1,1.4583333333333333,0,4,1.7175997463851544,2.138022510082781,0.0,0.0,0.0,0.0,0.0,0.0,0.0,0.0,0.0,0.0,0.0,0.0,1.0,0.0,0.0,0.0,0.0,1.0,0.0
-0.2892730926477721,-1.0268355210026217,1.0,0.0,0.0,1.0,0.0,1.0,0,1.0,1,1,-0.34146701951388614,,0.0,0.0,0.0,0.0,0.0,0.0,0.0,0.0,0.0,0.0,0.0,1.0,0.0,0.0,0.0,0.0,0.0,0.0,1.0
2.7503334834730784,1.6629089952425695,0.0,0.125,0.0,0.0,0.0,1.0,1,1.125,0,3,1.321844764954531,1.6584129411799338,0.0,0.0,0.0,0.0,0.0,0.0,0.0,0.0,0.0,0.0,0.0,0.0,1.0,0.0,0.0,0.0,0.0,1.0,0.0
1.089053080174624,-0.1046374011471275,0.0,0.0,0.0,1.0,0.0,0.0,0,1.0,1,1,0.7367108916219485,1.0435770600078482,0.0,0.0,0.0,1.0,0.0,0.0,0.0,0.0,0.0,0.0,0.0,0.0,0.0,0.0,0.0,0.0,0.0,0.0,1.0
-0.2903558311967292,0.0874872071561004,1.0,0.0,0.0,0.0,1.0,0.0,0,1.0,1,1,-0.3429916052744054,,0.0,0.0,0.0,0.0,0.0,0.0,0.0,0.0,1.0,0.0,0.0,0.0,0.0,0.0,0.0,0.0,0.0,1.0,0.0
0.4199206569191323,-0.1046374011471275,1.0,0.125,0.0,1.0,1.0,0.0,0,1.125,0,3,0.35060099464301875,0.6480128524336013,0.0,0.0,0.0,0.0,0.0,0.0,0.0,0.0,0.0,0.0,0.0,1.0,0.0,0.0,0.0,0.0,0.0,0.0,1.0
-0.2638287367472801,0.2027619721380371,1.0,0.0,0.0,1.0,0.0,1.0,0,1.0,1,1,-0.30629249268561093,,0.0,0.0,0.0,0.0,0.0,0.0,0.0,0.0,0.0,0.0,0.0,1.0,0.0,0.0,0.0,0.0,0.0,1.0,0.0
-0.2145641327697318,-0.4120367744322922,1.0,0.0,0.0,1.0,0.0,1.0,0,1.0,1,1,-0.24151647041180774,,0.0,0.0,0.0,0.0,0.0,0.0,0.0,0.0,0.0,0.0,0.0,1.0,0.0,0.0,0.0,0.0,0.0,0.0,1.0
-0.2858429769246761,1.432359465278696,1.0,0.0,0.0,1.0,0.0,1.0,0,1.0,1,1,-0.3366524205479082,,0.0,0.0,0.0,0.0,0.0,0.0,0.0,0.0,0.0,0.0,0.0,1.0,0.0,0.0,0.0,0.0,0.0,1.0,0.0
-0.1712545908114476,2.1240080551703167,0.5,0.0,0.0,0.0,0.0,1.0,0,1.0,1,2,-0.1878422769380683,,0.0,0.0,0.0,0.0,0.0,0.0,0.0,0.0,0.0,0.0,0.0,0.0,1.0,0.0,0.0,0.0,0.0,1.0,0.0
-0.3130933407248285,-0.1046374011471275,1.0,0.0,0.0,1.0,0.0,0.0,0,1.0,1,1,-0.37555686313005193,,0.0,0.0,0.0,0.0,0.0,0.0,0.0,0.0,0.0,0.0,0.0,1.0,0.0,0.0,0.0,0.0,0.0,0.0,1.0
0.3701146836671055,1.893458525206443,0.5,0.125,0.5,0.0,0.0,1.0,1,1.625,0,1,0.3148944470424043,0.6083705151197792,0.0,0.0,0.0,0.0,0.0,0.0,0.0,0.0,0.0,0.0,0.0,0.0,1.0,0.0,0.0,0.0,0.0,1.0,0.0
-0.2903558311967292,-0.8731358343600393,1.0,0.0,0.0,1.0,0.0,1.0,0,1.0,1,1,-0.3429916052744054,,0.0,0.0,0.0,0.0,0.0,0.0,0.0,0.0,0.0,0.0,0.0,1.0,0.0,0.0,0.0,0.0,0.0,0.0,1.0
-0.2903558311967292,-0.1046374011471275,1.0,0.0,0.0,1.0,1.0,0.0,0,1.0,1,1,-0.3429916052744054,,0.0,0.0,0.0,0.0,0.0,0.0,0.0,0.0,0.0,0.0,0.0,1.0,0.0,0.0,0.0,0.0,0.0,0.0,1.0
-0.0857182454438362,-1.8721837975368247,1.0,0.0,0.0,0.0,0.0,1.0,1,1.0,1,2,-0.08961648965326159,,0.0,0.0,0.0,0.0,0.0,0.0,0.0,0.0,1.0,0.0,0.0,0.0,0.0,0.0,0.0,0.0,0.0,0.0,1.0
-0.2908972004712078,-0.1046374011471275,1.0,0.0,0.0,1.0,1.0,0.0,0,1.0,1,1,-0.3437547706771699,,0.0,0.0,0.0,0.0,0.0,0.0,0.0,0.0,0.0,0.0,0.0,1.0,0.0,0.0,0.0,0.0,0.0,0.0,1.0
8.526925542235466,1.0481102486722402,0.0,0.0,0.1666666666666666,0.0,0.0,1.0,1,1.1666666666666663,0,3,2.254122057247,2.920089988722174,0.0,0.0,0.0,0.0,0.0,0.0,0.0,0.0,0.0,0.0,0.0,0.0,1.0,0.0,0.0,0.0,0.0,1.0,0.0
-0.3129114406486037,-1.2573850509664952,1.0,0.0,0.0,0.0,0.0,0.0,1,1.0,1,1,-0.37529208771479355,,0.0,0.0,0.0,0.0,0.0,0.0,0.0,0.0,1.0,0.0,0.0,0.0,0.0,0.0,0.0,0.0,0.0,0.0,1.0
1.84263911024877,-0.9499856776813304,0.0,0.125,0.0,0.0,0.0,1.0,1,1.125,0,2,1.044732884846563,1.3574384370013877,0.0,0.0,0.0,0.0,0.0,0.0,0.0,0.0,0.0,0.0,0.0,0.0,1.0,0.0,0.0,0.0,0.0,0.0,1.0
0.6732814773750952,-0.0277875578258363,0.0,0.0,0.0,1.0,0.0,1.0,0,1.0,1,1,0.5147866549388631,0.8205373101663904,0.0,0.0,0.0,0.0,0.0,0.0,0.0,0.0,0.0,0.0,0.0,1.0,0.0,0.0,0.0,0.0,0.0,0.0,1.0
0.3896039775483334,-0.1046374011471275,1.0,0.125,0.3333333333333333,1.0,0.0,1.0,0,1.4583333333333333,0,2,0.3290187983099286,0.6241826475866927,0.0,0.0,0.0,0.0,0.0,0.0,0.0,0.0,0.0,0.0,0.0,1.0,0.0,0.0,0.0,0.0,0.0,0.0,1.0
-0.3206725105675282,-0.335186931111001,1.0,0.0,0.0,1.0,0.0,1.0,0,1.0,1,1,-0.3866519563101637,,0.0,0.0,0.0,0.0,0.0,0.0,0.0,0.0,0.0,0.0,0.0,1.0,0.0,0.0,0.0,0.0,0.0,0.0,1.0
-0.3120106021758714,-0.335186931111001,1.0,0.0,0.0,1.0,0.0,1.0,0,1.0,1,1,-0.3739818513068788,,0.0,0.0,0.0,0.0,0.0,0.0,0.0,0.0,0.0,0.0,0.0,1.0,0.0,0.0,0.0,0.0,0.0,0.0,1.0
-0.3013651167625251,-0.8731358343600393,1.0,0.0,0.0,0.0,0.0,1.0,1,1.0,1,1,-0.35862701479350156,,0.0,0.0,0.0,0.0,0.0,0.0,0.0,0.0,1.0,0.0,0.0,0.0,0.0,0.0,0.0,0.0,0.0,0.0,1.0
0.6353856281615965,-1.6416342675729512,1.0,0.5,0.1666666666666666,1.0,1.0,0.0,0,1.6666666666666663,0,5,0.49187863474185484,0.7971108004296494,0.0,0.0,0.0,0.0,0.0,0.0,0.0,1.0,0.0,0.0,0.0,0.0,0.0,0.0,0.0,0.0,0.0,0.0,1.0
0.2650890444182662,-2.179583170821989,1.0,0.125,0.3333333333333333,1.0,0.0,1.0,1,1.4583333333333333,0,2,0.2351425105466435,0.5148679873698365,0.0,0.0,0.0,0.0,0.0,0.0,0.0,1.0,0.0,0.0,0.0,0.0,0.0,0.0,0.0,0.0,0.0,0.0,1.0
2.8041109417226804,1.2786597786361138,0.0,0.0,0.0,1.0,0.0,0.0,0,1.0,1,2,1.3360823087485836,1.6745479813139665,0.0,0.0,0.0,0.0,0.0,0.0,0.0,0.0,0.0,0.0,0.0,1.0,0.0,0.0,0.0,0.0,0.0,1.0,0.0
-0.2903558311967292,-0.1046374011471275,1.0,0.0,0.0,1.0,1.0,0.0,0,1.0,1,1,-0.3429916052744054,,0.0,0.0,0.0,0.0,0.0,0.0,0.0,0.0,0.0,0.0,0.0,1.0,0.0,0.0,0.0,0.0,0.0,0.0,1.0
0.5000433095419583,-1.0268355210026217,0.5,0.0,0.0,1.0,0.0,1.0,0,1.0,1,2,0.40549398071931875,0.7071374049942192,0.0,0.0,0.0,0.0,0.0,0.0,0.0,0.0,0.0,0.0,0.0,1.0,0.0,0.0,0.0,0.0,0.0,0.0,1.0
2.3861738618252373,-0.1046374011471275,1.0,1.0,0.3333333333333333,0.0,0.0,1.0,0,2.333333333333333,0,7,1.219700629653568,1.5447245261939868,0.0,0.0,0.0,0.0,0.0,0.0,0.0,0.0,1.0,0.0,0.0,0.0,0.0,0.0,0.0,0.0,0.0,0.0,1.0
0.7034162566696693,-0.1046374011471275,0.0,0.0,0.0,1.0,0.0,0.0,0,1.0,1,1,0.5326357973388482,0.8386991455043157,0.0,0.0,0.0,0.0,0.0,0.0,0.0,0.0,0.0,0.0,0.0,1.0,0.0,0.0,0.0,0.0,0.0,0.0,1.0
-0.2840412999792114,-0.335186931111001,1.0,0.0,0.0,1.0,0.0,1.0,0,1.0,1,1,-0.33413279522034667,,0.0,0.0,0.0,0.0,0.0,0.0,0.0,0.0,0.0,0.0,0.0,1.0,0.0,0.0,0.0,0.0,0.0,0.0,1.0
-0.0629807359157369,0.7407108753870755,0.5,0.0,0.0,1.0,0.0,1.0,0,1.0,1,1,-0.06505143763353603,,0.0,0.0,0.0,0.0,0.0,0.0,0.0,0.0,0.0,0.0,0.0,1.0,0.0,0.0,0.0,0.0,0.0,1.0,0.0
0.4969769939713118,1.5092093085999871,0.0,0.0,0.0,0.0,0.0,1.0,1,1.0,1,1,0.40344773723076494,0.7049659523489853,0.0,0.0,0.0,1.0,0.0,0.0,0.0,0.0,0.0,0.0,0.0,0.0,0.0,0.0,0.0,0.0,0.0,1.0,0.0
-0.2499350356870626,0.125912128816746,1.0,0.0,0.0,0.0,0.0,1.0,1,1.0,1,1,-0.28759545711908063,,0.0,0.0,0.0,0.0,0.0,0.0,0.0,0.0,0.0,0.0,0.0,0.0,1.0,0.0,0.0,0.0,0.0,1.0,0.0
-0.3129114406486037,0.0490622854954548,1.0,0.0,0.0,1.0,0.0,0.0,0,1.0,1,1,-0.37529208771479355,,0.0,0.0,0.0,0.0,0.0,0.0,0.0,0.0,0.0,0.0,0.0,1.0,0.0,0.0,0.0,0.0,0.0,1.0,0.0
0.4199206569191323,0.0490622854954548,1.0,0.125,0.1666666666666666,0.0,0.0,1.0,0,1.2916666666666663,0,3,0.35060099464301875,0.6480128524336013,0.0,0.0,0.0,0.0,0.0,0.0,0.0,0.0,0.0,0.0,0.0,0.0,1.0,0.0,0.0,0.0,0.0,1.0,0.0
-0.0629807359157369,0.3564616587806195,0.5,0.0,0.0,1.0,0.0,1.0,0,1.0,1,2,-0.06505143763353603,,0.0,0.0,0.0,0.0,0.0,0.0,0.0,0.0,0.0,0.0,0.0,1.0,0.0,0.0,0.0,0.0,0.0,1.0,0.0
0.5108706950315294,0.125912128816746,0.5,0.125,0.1666666666666666,0.0,0.0,1.0,1,1.2916666666666663,0,3,0.41268610387202437,0.7147521913443353,0.0,0.0,0.0,0.0,0.0,0.0,0.0,0.0,0.0,0.0,0.0,0.0,1.0,0.0,0.0,0.0,0.0,1.0,0.0
4.571140253620677,-1.4110847376090776,0.0,0.125,0.3333333333333333,1.0,0.0,1.0,1,1.4583333333333333,0,4,1.7175997463851544,2.138022510082781,0.0,0.0,0.0,0.0,0.0,0.0,0.0,1.0,0.0,0.0,0.0,0.0,0.0,0.0,0.0,0.0,0.0,0.0,1.0
-0.2571504053773127,-2.224156079948338,1.0,0.0,0.1666666666666666,1.0,0.0,0.0,1,1.1666666666666663,0,1,-0.29726168460439983,,0.0,0.0,0.0,0.0,0.0,0.0,0.0,1.0,0.0,0.0,0.0,0.0,0.0,0.0,0.0,0.0,0.0,0.0,1.0
-0.3239207262143995,-0.1814872444684187,1.0,0.0,0.0,1.0,0.0,1.0,1,1.0,1,1,-0.3914449409010243,,0.0,0.0,0.0,0.0,0.0,0.0,0.0,0.0,0.0,0.0,0.0,1.0,0.0,0.0,0.0,0.0,0.0,0.0,1.0
-0.2892730926477721,0.125912128816746,1.0,0.0,0.0,1.0,0.0,1.0,0,1.0,1,1,-0.34146701951388614,,0.0,0.0,0.0,0.0,0.0,0.0,0.0,0.0,0.0,0.0,0.0,1.0,0.0,0.0,0.0,0.0,0.0,1.0,0.0
-0.6260047813734322,0.7407108753870755,0.0,0.0,0.0,1.0,0.0,1.0,0,1.0,1,1,-0.9835122660702682,,0.0,0.0,0.0,0.0,0.0,0.0,0.0,0.0,0.0,0.0,0.0,1.0,0.0,0.0,0.0,0.0,0.0,1.0,0.0
-0.2892730926477721,-0.8731358343600393,1.0,0.0,0.0,0.0,0.0,1.0,0,1.0,1,1,-0.34146701951388614,,0.0,0.0,0.0,0.0,0.0,0.0,0.0,0.0,1.0,0.0,0.0,0.0,0.0,0.0,0.0,0.0,0.0,0.0,1.0
-0.0629807359157369,0.7407108753870755,0.5,0.0,0.0,1.0,0.0,1.0,0,1.0,1,1,-0.06505143763353603,,0.0,0.0,0.0,0.0,0.0,0.0,0.0,0.0,0.0,0.0,0.0,1.0,0.0,0.0,0.0,0.0,0.0,1.0,0.0
1.6737318966114614,0.2796118154593283,0.0,0.125,0.0,0.0,0.0,1.0,1,1.125,0,2,0.9834752106057543,1.2937279067143375,0.0,0.0,0.0,0.0,0.0,0.0,0.0,0.0,0.0,0.0,0.0,0.0,1.0,0.0,0.0,0.0,0.0,1.0,0.0
-0.2844007691774651,-0.2583370877897099,1.0,0.0,0.0,1.0,0.0,1.0,0,1.0,1,1,-0.3346350022188397,,0.0,0.0,0.0,0.0,0.0,0.0,0.0,0.0,0.0,0.0,0.0,1.0,0.0,0.0,0.0,0.0,0.0,0.0,1.0
0.4199206569191323,0.7407108753870755,1.0,0.0,0.0,1.0,0.0,1.0,0,1.0,1,2,0.35060099464301875,0.6480128524336013,0.0,0.0,0.0,0.0,0.0,0.0,0.0,0.0,0.0,0.0,0.0,1.0,0.0,0.0,0.0,0.0,0.0,1.0,0.0
-0.1712545908114476,0.4333115021019107,0.5,0.0,0.0,1.0,0.0,1.0,0,1.0,1,1,-0.1878422769380683,,0.0,0.0,0.0,0.0,0.0,0.0,0.0,0.0,0.0,0.0,0.0,1.0,0.0,0.0,0.0,0.0,0.0,1.0,0.0
0.7285011433719076,-1.7953339542155335,1.0,0.5,0.3333333333333333,0.0,0.0,1.0,0,1.8333333333333333,0,7,0.5472546418614799,0.8535227843308623,0.0,0.0,0.0,0.0,0.0,0.0,0.0,0.0,1.0,0.0,0.0,0.0,0.0,0.0,0.0,0.0,0.0,0.0,1.0
-0.277362968609244,0.0874872071561004,1.0,0.0,0.0,1.0,0.0,1.0,0,1.0,1,1,-0.32484821415469367,,0.0,0.0,0.0,0.0,0.0,0.0,0.0,0.0,0.0,0.0,0.0,1.0,0.0,0.0,0.0,0.0,0.0,1.0,0.0
-0.6260047813734322,-0.1046374011471275,0.0,0.0,0.0,1.0,0.0,1.0,0,1.0,1,1,-0.9835122660702682,,0.0,0.0,0.0,0.0,0.0,0.0,0.0,0.0,0.0,0.0,0.0,1.0,0.0,0.0,0.0,0.0,0.0,0.0,1.0
-0.2827766613540295,-0.4888866177535834,1.0,0.0,0.0,0.0,0.0,1.0,0,1.0,1,1,-0.332367996444908,,0.0,0.0,0.0,0.0,0.0,0.0,0.0,0.0,1.0,0.0,0.0,0.0,0.0,0.0,0.0,0.0,0.0,0.0,1.0
0.9766301711593096,0.125912128816746,0.5,0.125,0.1666666666666666,1.0,0.0,0.0,0,1.2916666666666663,0,2,0.6813934610138993,0.988246007408737,0.0,0.0,0.0,0.0,0.0,0.0,0.0,0.0,0.0,0.0,0.0,1.0,0.0,0.0,0.0,0.0,0.0,1.0,0.0
-0.3466582357424988,1.0481102486722402,1.0,0.0,0.0,1.0,0.0,1.0,0,1.0,1,1,-0.42565491103317876,,0.0,0.0,0.0,0.0,0.0,0.0,0.0,0.0,0.0,0.0,0.0,1.0,0.0,0.0,0.0,0.0,0.0,1.0,0.0
0.5823314392626983,-1.4879345809303688,1.0,0.375,0.3333333333333333,1.0,0.0,1.0,0,1.7083333333333333,0,6,0.4588993538892099,0.763106440323169,0.0,0.0,0.0,0.0,0.0,0.0,0.0,1.0,0.0,0.0,0.0,0.0,0.0,0.0,0.0,0.0,0.0,0.0,1.0
3.423437391726145,1.7397588385638607,0.0,0.125,0.1666666666666666,0.0,0.0,1.0,1,1.2916666666666663,0,2,1.4869170842808708,1.8502533317700431,0.0,0.0,0.0,0.0,0.0,0.0,0.0,0.0,0.0,0.0,0.0,0.0,1.0,0.0,0.0,0.0,0.0,1.0,0.0
-0.2508358741597949,-0.1814872444684187,1.0,0.0,0.0,1.0,0.0,1.0,1,1.0,1,1,-0.28879719284721256,,0.0,0.0,0.0,0.0,0.0,0.0,0.0,0.0,0.0,0.0,0.0,1.0,0.0,0.0,0.0,0.0,0.0,0.0,1.0
-0.6260047813734322,0.6638610320657843,0.0,0.0,0.0,1.0,0.0,1.0,0,1.0,1,1,-0.9835122660702682,,0.0,0.0,0.0,0.0,1.0,0.0,0.0,0.0,0.0,0.0,0.0,0.0,0.0,0.0,0.0,0.0,0.0,1.0,0.0
-0.0857182454438362,-0.1814872444684187,1.0,0.0,0.1666666666666666,0.0,0.0,1.0,1,1.1666666666666663,0,2,-0.08961648965326159,,0.0,0.0,0.0,0.0,0.0,0.0,0.0,0.0,0.0,0.0,0.0,0.0,1.0,0.0,0.0,0.0,0.0,0.0,1.0
1.092842665095974,-2.1027333275006983,1.0,0.5,0.1666666666666666,1.0,0.0,1.0,0,1.6666666666666663,0,6,0.7385232686822532,1.0453911541121697,0.0,0.0,0.0,0.0,0.0,0.0,0.0,1.0,0.0,0.0,0.0,0.0,0.0,0.0,0.0,0.0,0.0,0.0,1.0
-0.3250034647633567,-0.1046374011471275,1.0,0.0,0.0,1.0,1.0,0.0,0,1.0,1,1,-0.39304772110553166,,0.0,0.0,0.0,0.0,0.0,0.0,0.0,0.0,0.0,0.0,0.0,1.0,0.0,0.0,0.0,0.0,0.0,0.0,1.0
1.8208024391934032,-0.1046374011471275,1.0,0.0,0.0,1.0,0.0,1.0,0,1.0,1,7,1.0370213973779847,1.3493711273009377,0.0,0.0,0.0,0.0,0.0,0.0,0.0,0.0,0.0,0.0,0.0,1.0,0.0,0.0,0.0,0.0,0.0,0.0,1.0
0.9766301711593096,-2.179583170821989,0.5,0.0,0.3333333333333333,1.0,0.0,0.0,1,1.3333333333333333,0,2,0.6813934610138993,0.988246007408737,0.0,0.0,0.0,0.0,0.0,0.0,0.0,1.0,0.0,0.0,0.0,0.0,0.0,0.0,0.0,0.0,0.0,0.0,1.0
-0.2903558311967292,-0.1046374011471275,1.0,0.0,0.0,1.0,1.0,0.0,1,1.0,1,1,-0.3429916052744054,,0.0,0.0,0.0,0.0,0.0,0.0,0.0,0.0,0.0,0.0,0.0,1.0,0.0,0.0,0.0,0.0,0.0,0.0,1.0
2.838758575289308,2.5082572717767726,0.0,0.0,0.0,0.0,0.0,1.0,1,1.0,1,2,1.3451490266458304,1.6848615893566177,0.0,0.0,0.0,0.0,0.0,0.0,0.0,0.0,0.0,0.0,0.0,0.0,1.0,0.0,0.0,0.0,0.0,1.0,0.0
0.0,-1.1036853643239128,1.0,0.125,0.0,0.0,0.0,0.0,1,1.125,0,2,0.0,0.0,0.0,0.0,0.0,0.0,0.0,0.0,0.0,0.0,0.0,0.0,0.0,0.0,1.0,0.0,0.0,0.0,0.0,0.0,1.0
0.1860491303443974,-2.192647644186609,0.5,0.125,0.1666666666666666,1.0,0.0,1.0,1,1.2916666666666663,0,3,0.17062772496575895,0.4313341284252817,0.0,0.0,0.0,0.0,0.0,0.0,0.0,1.0,0.0,0.0,0.0,0.0,0.0,0.0,0.0,0.0,0.0,0.0,1.0
-0.3129114406486037,-0.1046374011471275,1.0,0.0,0.0,1.0,0.0,0.0,0,1.0,1,1,-0.37529208771479355,,0.0,0.0,0.0,0.0,0.0,0.0,0.0,0.0,0.0,0.0,0.0,1.0,0.0,0.0,0.0,0.0,0.0,0.0,1.0
-0.2858429769246761,-0.4888866177535834,1.0,0.0,0.0,1.0,0.0,1.0,0,1.0,1,1,-0.3366524205479082,,0.0,0.0,0.0,0.0,0.0,0.0,0.0,0.0,0.0,0.0,0.0,1.0,0.0,0.0,0.0,0.0,0.0,0.0,1.0
-0.2665355831196729,-0.8731358343600393,1.0,0.0,0.0,1.0,0.0,1.0,0,1.0,1,1,-0.3099761939864142,,0.0,0.0,0.0,0.0,0.0,0.0,0.0,0.0,0.0,0.0,0.0,1.0,0.0,0.0,0.0,0.0,0.0,0.0,1.0
2.9755431016561564,0.7407108753870755,0.0,0.125,0.1666666666666666,0.0,0.0,0.0,1,1.2916666666666663,0,1,1.3801613681208167,1.7249762611862682,0.0,0.0,0.0,0.0,0.0,0.0,0.0,0.0,1.0,0.0,0.0,0.0,0.0,0.0,0.0,0.0,0.0,1.0,0.0
-0.2508358741597949,-0.6425863043961658,1.0,0.0,0.0,1.0,0.0,1.0,0,1.0,1,1,-0.28879719284721256,,0.0,0.0,0.0,0.0,0.0,0.0,0.0,0.0,0.0,0.0,0.0,1.0,0.0,0.0,0.0,0.0,0.0,0.0,1.0
-0.277362968609244,-0.1046374011471275,1.0,0.0,0.0,1.0,0.0,1.0,0,1.0,1,1,-0.32484821415469367,,0.0,0.0,0.0,0.0,0.0,0.0,0.0,0.0,0.0,0.0,0.0,1.0,0.0,0.0,0.0,0.0,0.0,0.0,1.0
1.8208024391934032,0.2027619721380371,1.0,0.0,0.0,1.0,0.0,1.0,1,1.0,1,7,1.0370213973779847,1.3493711273009377,0.0,0.0,0.0,0.0,0.0,0.0,0.0,0.0,0.0,0.0,0.0,1.0,0.0,0.0,0.0,0.0,0.0,1.0,0.0
0.6602886147876099,-0.1046374011471275,0.0,0.0,0.0,1.0,0.0,0.0,1,1.0,1,1,0.5069914515856865,0.8125814511712718,0.0,0.0,0.0,0.0,0.0,0.0,0.0,0.0,0.0,0.0,0.0,1.0,0.0,0.0,0.0,0.0,0.0,0.0,1.0
-0.2827766613540295,-0.719436147717457,1.0,0.0,0.0,1.0,0.0,1.0,0,1.0,1,1,-0.332367996444908,,0.0,0.0,0.0,0.0,0.0,0.0,0.0,0.0,0.0,0.0,0.0,1.0,0.0,0.0,0.0,0.0,0.0,0.0,1.0
-0.1712545908114476,-1.0268355210026217,0.5,0.0,0.0,1.0,0.0,1.0,0,1.0,1,2,-0.1878422769380683,,0.0,0.0,0.0,0.0,0.0,0.0,0.0,0.0,0.0,0.0,0.0,1.0,0.0,0.0,0.0,0.0,0.0,0.0,1.0
0.7165910193333795,0.0490622854954548,0.0,0.0,0.0,0.0,0.0,0.0,1,1.0,1,2,0.5403403586288423,0.8465169929383459,0.0,0.0,0.0,0.0,0.0,0.0,0.0,0.0,1.0,0.0,0.0,0.0,0.0,0.0,0.0,0.0,0.0,1.0,0.0
-0.3471996050169773,0.3948865804412651,1.0,0.0,0.0,1.0,0.0,0.0,0,1.0,1,1,-0.4264838702726454,,0.0,0.0,0.0,0.0,0.0,0.0,0.0,0.0,0.0,0.0,0.0,1.0,0.0,0.0,0.0,0.0,0.0,1.0,0.0
-0.2508358741597949,-0.9499856776813304,1.0,0.0,0.0,1.0,0.0,1.0,0,1.0,1,1,-0.28879719284721256,,0.0,0.0,0.0,0.0,0.0,0.0,0.0,0.0,0.0,0.0,0.0,1.0,0.0,0.0,0.0,0.0,0.0,0.0,1.0
-0.2990177395883861,0.9712604053509488,1.0,0.0,0.0,1.0,0.0,1.0,0,1.0,1,1,-0.35527269838527875,,0.0,0.0,0.0,0.0,0.0,0.0,0.0,0.0,0.0,0.0,0.0,1.0,0.0,0.0,0.0,0.0,0.0,1.0,0.0
2.3861738618252373,-0.1046374011471275,1.0,1.0,0.3333333333333333,1.0,0.0,1.0,0,2.333333333333333,0,7,1.219700629653568,1.5447245261939868,0.0,0.0,0.0,0.0,0.0,0.0,0.0,0.0,0.0,0.0,0.0,1.0,0.0,0.0,0.0,0.0,0.0,0.0,1.0
-0.2840412999792114,0.4333115021019107,1.0,0.0,0.0,1.0,0.0,0.0,0,1.0,1,1,-0.33413279522034667,,0.0,0.0,0.0,0.0,0.0,0.0,0.0,0.0,0.0,0.0,0.0,1.0,0.0,0.0,0.0,0.0,0.0,1.0,0.0
0.803210103249948,-0.1046374011471275,0.5,0.0,0.1666666666666666,1.0,0.0,1.0,0,1.1666666666666663,0,3,0.5895684672435056,0.8962198967050151,0.0,0.0,0.0,0.0,0.0,0.0,0.0,0.0,0.0,0.0,0.0,0.0,0.0,0.0,1.0,0.0,0.0,0.0,1.0
3.2330573071859194,-0.1046374011471275,0.0,0.125,0.0,0.0,0.0,0.0,1,1.125,0,2,1.442924499643678,1.7980704399955858,0.0,0.0,0.0,0.0,0.0,0.0,0.0,0.0,0.0,0.0,0.0,0.0,1.0,0.0,0.0,0.0,0.0,0.0,1.0
0.7285011433719076,-1.949033640858116,1.0,0.5,0.3333333333333333,1.0,0.0,1.0,0,1.8333333333333333,0,7,0.5472546418614799,0.8535227843308623,0.0,0.0,0.0,0.0,0.0,0.0,0.0,1.0,0.0,0.0,0.0,0.0,0.0,0.0,0.0,0.0,0.0,0.0,1.0
-0.2892730926477721,3.430455391632267,1.0,0.0,0.0,1.0,0.0,1.0,0,1.0,1,1,-0.34146701951388614,,0.0,0.0,0.0,0.0,0.0,0.0,0.0,0.0,0.0,0.0,0.0,1.0,0.0,0.0,0.0,0.0,0.0,1.0,0.0
0.0342838334141777,-1.56478442425166,1.0,0.125,0.1666666666666666,0.0,0.0,0.0,0,1.2916666666666663,0,2,0.03370923881845429,0.18515894095122087,0.0,0.0,0.0,0.0,0.0,0.0,0.0,0.0,1.0,0.0,0.0,0.0,0.0,0.0,0.0,0.0,0.0,0.0,1.0
1.080391171782967,-1.0268355210026217,0.0,0.0,0.1666666666666666,0.0,0.0,1.0,1,1.1666666666666663,0,1,0.732555939388726,1.0394186701146786,0.0,0.0,0.0,0.0,0.0,0.0,0.0,0.0,1.0,0.0,0.0,0.0,0.0,0.0,0.0,0.0,0.0,0.0,1.0
0.5000433095419583,1.1249600919935314,0.5,0.125,0.0,0.0,0.0,1.0,0,1.125,0,2,0.40549398071931875,0.7071374049942192,0.0,0.0,0.0,0.0,0.0,0.0,0.0,0.0,0.0,0.0,0.0,0.0,1.0,0.0,0.0,0.0,0.0,1.0,0.0
-0.2210605640634745,-0.8731358343600393,1.0,0.0,0.1666666666666666,0.0,0.0,1.0,1,1.1666666666666663,0,1,-0.24982198204322528,,0.0,0.0,0.0,0.0,0.0,0.0,0.0,0.0,0.0,0.0,0.0,0.0,1.0,0.0,0.0,0.0,0.0,0.0,1.0
6.51429647980043,1.2018099353148226,0.0,0.125,0.1666666666666666,0.0,0.0,1.0,1,1.2916666666666663,0,2,2.0168074033603856,2.5523119871599613,0.0,0.0,0.0,0.0,0.0,0.0,0.0,0.0,0.0,0.0,0.0,0.0,1.0,0.0,0.0,0.0,0.0,1.0,0.0
0.5238635576190146,1.6629089952425695,0.0,0.0,0.0,1.0,0.0,1.0,1,1.0,1,1,0.421248924135102,0.723784192711484,0.0,0.0,0.0,0.0,0.0,0.0,0.0,0.0,0.0,0.0,0.0,1.0,0.0,0.0,0.0,0.0,0.0,1.0,0.0
0.2080633705217932,-0.4120367744322922,1.0,0.0,0.5,0.0,0.0,0.0,1,1.5,0,4,0.18901855717791535,0.4561396392792378,0.0,0.0,0.0,0.0,0.0,0.0,0.0,0.0,0.0,0.0,0.0,0.0,1.0,0.0,0.0,0.0,0.0,0.0,1.0
-0.3129114406486037,-0.1046374011471275,1.0,0.0,0.0,1.0,0.0,0.0,0,1.0,1,1,-0.37529208771479355,,0.0,0.0,0.0,0.0,0.0,0.0,0.0,0.0,0.0,0.0,0.0,1.0,0.0,0.0,0.0,0.0,0.0,0.0,1.0
-0.0149807705633705,0.8944105620296577,1.0,0.25,0.0,1.0,0.0,1.0,0,1.25,0,1,-0.015094115729915371,,0.0,0.0,0.0,0.0,0.0,0.0,0.0,0.0,0.0,0.0,0.0,1.0,0.0,0.0,0.0,0.0,0.0,1.0,0.0
-0.1279450488531633,-0.6425863043961658,0.5,0.125,0.0,1.0,0.0,1.0,0,1.125,0,1,-0.1369028396884429,,0.0,0.0,0.0,0.0,0.0,0.0,0.0,0.0,0.0,0.0,0.0,1.0,0.0,0.0,0.0,0.0,0.0,0.0,1.0
0.4969769939713118,1.432359465278696,0.0,0.0,0.0,0.0,0.0,1.0,1,1.0,1,1,0.40344773723076494,0.7049659523489853,0.0,0.0,0.0,0.0,0.0,0.0,0.0,0.0,0.0,0.0,0.0,0.0,1.0,0.0,0.0,0.0,0.0,1.0,0.0
2.3861738618252373,-0.1046374011471275,1.0,1.0,0.3333333333333333,0.0,0.0,1.0,0,2.333333333333333,0,7,1.219700629653568,1.5447245261939868,0.0,0.0,0.0,0.0,0.0,0.0,0.0,0.0,1.0,0.0,0.0,0.0,0.0,0.0,0.0,0.0,0.0,0.0,1.0
-0.0629807359157369,-0.4120367744322922,0.5,0.0,0.0,1.0,0.0,1.0,0,1.0,1,1,-0.06505143763353603,,0.0,0.0,0.0,0.0,0.0,0.0,0.0,0.0,0.0,0.0,0.0,1.0,0.0,0.0,0.0,0.0,0.0,0.0,1.0
-0.0629807359157369,0.9712604053509488,0.5,0.0,0.0,0.0,0.0,1.0,1,1.0,1,1,-0.06505143763353603,,0.0,0.0,0.0,0.0,0.0,0.0,0.0,0.0,0.0,0.0,0.0,0.0,1.0,0.0,0.0,0.0,0.0,1.0,0.0
-0.0258081560529415,-0.1814872444684187,0.5,0.125,0.0,0.0,0.0,0.0,1,1.125,0,1,-0.026147029696620593,,0.0,0.0,0.0,0.0,0.0,0.0,0.0,0.0,1.0,0.0,0.0,0.0,0.0,0.0,0.0,0.0,0.0,0.0,1.0
1.5609451874436977,0.125912128816746,0.0,0.0,0.0,1.0,0.0,1.0,0,1.0,1,1,0.940376404194006,1.2493779201841602,0.0,0.0,0.0,0.0,0.0,0.0,0.0,0.0,0.0,0.0,0.0,1.0,0.0,0.0,0.0,0.0,0.0,1.0,0.0
-0.2145641327697318,-0.1046374011471275,1.0,0.0,0.0,1.0,0.0,1.0,0,1.0,1,1,-0.24151647041180774,,0.0,0.0,0.0,0.0,0.0,0.0,0.0,0.0,0.0,0.0,0.0,1.0,0.0,0.0,0.0,0.0,0.0,0.0,1.0
-0.1438266578892661,-1.949033640858116,1.0,0.125,0.1666666666666666,1.0,0.0,1.0,1,1.2916666666666663,0,3,-0.15528242087544106,,0.0,0.0,0.0,0.0,0.0,0.0,0.0,1.0,0.0,0.0,0.0,0.0,0.0,0.0,0.0,0.0,0.0,0.0,1.0
-0.2840412999792114,-0.2583370877897099,1.0,0.0,0.0,1.0,0.0,1.0,0,1.0,1,1,-0.33413279522034667,,0.0,0.0,0.0,0.0,0.0,0.0,0.0,0.0,0.0,0.0,0.0,1.0,0.0,0.0,0.0,0.0,0.0,0.0,1.0
1.6500935486106298,1.3555096219574048,0.0,0.125,0.1666666666666666,0.0,0.0,1.0,1,1.2916666666666663,0,2,0.9745949407375543,1.2845596710976994,0.0,0.0,0.0,0.0,0.0,0.0,0.0,0.0,0.0,0.0,0.0,0.0,1.0,0.0,0.0,0.0,0.0,1.0,0.0
-0.4094570715820109,0.2796118154593283,0.0,0.0,0.0,1.0,0.0,1.0,0,1.0,1,1,-0.5267129475654642,,0.0,0.0,0.0,0.0,0.0,0.0,0.0,0.0,0.0,0.0,0.0,1.0,0.0,0.0,0.0,0.0,0.0,1.0,0.0
-0.2362189037488739,1.3555096219574048,1.0,0.0,0.0,1.0,0.0,1.0,0,1.0,1,1,-0.26947405410275044,,0.0,0.0,0.0,0.0,0.0,0.0,0.0,0.0,0.0,0.0,0.0,1.0,0.0,0.0,0.0,0.0,0.0,1.0,0.0
0.4134242256253898,-0.1046374011471275,0.5,0.125,0.0,0.0,0.0,0.0,1,1.125,0,2,0.346015289091922,0.6429807350344097,0.0,0.0,0.0,0.0,0.0,0.0,0.0,0.0,0.0,0.0,0.0,0.0,1.0,0.0,0.0,0.0,0.0,0.0,1.0
-0.3130933407248285,-1.1036853643239128,1.0,0.0,0.0,0.0,0.0,0.0,1,1.0,1,1,-0.37555686313005193,,0.0,0.0,0.0,0.0,0.0,0.0,0.0,0.0,1.0,0.0,0.0,0.0,0.0,0.0,0.0,0.0,0.0,0.0,1.0
-0.1995876931605571,-0.719436147717457,1.0,0.0,0.0,1.0,0.0,1.0,0,1.0,1,2,-0.22262830052939314,,0.0,0.0,0.0,0.0,0.0,0.0,0.0,0.0,0.0,0.0,0.0,1.0,0.0,0.0,0.0,0.0,0.0,0.0,1.0
-0.2840412999792114,-0.7962859910387481,1.0,0.0,0.0,1.0,0.0,1.0,0,1.0,1,1,-0.33413279522034667,,0.0,0.0,0.0,0.0,0.0,0.0,0.0,0.0,0.0,0.0,0.0,1.0,0.0,0.0,0.0,0.0,0.0,0.0,1.0
-0.2840412999792114,-0.1046374011471275,1.0,0.0,0.0,1.0,0.0,1.0,0,1.0,1,1,-0.33413279522034667,,0.0,0.0,0.0,0.0,0.0,0.0,0.0,0.0,0.0,0.0,0.0,1.0,0.0,0.0,0.0,0.0,0.0,0.0,1.0
2.9755431016561564,2.047158211849025,0.0,0.0,0.1666666666666666,0.0,0.0,0.0,1,1.1666666666666663,0,2,1.3801613681208167,1.7249762611862682,0.0,0.0,0.0,0.0,0.0,0.0,0.0,0.0,0.0,0.0,0.0,0.0,1.0,0.0,0.0,0.0,0.0,1.0,0.0
0.5000433095419583,-0.335186931111001,0.5,0.0,0.1666666666666666,0.0,0.0,1.0,1,1.1666666666666663,0,2,0.40549398071931875,0.7071374049942192,0.0,0.0,0.0,0.0,0.0,0.0,0.0,0.0,0.0,0.0,0.0,0.0,1.0,0.0,0.0,0.0,0.0,0.0,1.0
-0.2840412999792114,0.2796118154593283,1.0,0.0,0.0,1.0,0.0,1.0,0,1.0,1,1,-0.33413279522034667,,0.0,0.0,0.0,0.0,0.0,0.0,0.0,0.0,0.0,0.0,0.0,1.0,0.0,0.0,0.0,0.0,0.0,1.0,0.0
-0.1705313214607442,-0.5657364610748746,1.0,0.0,0.0,0.0,0.0,1.0,0,1.0,1,1,-0.18696992951088995,,0.0,0.0,0.0,0.0,0.0,0.0,0.0,0.0,1.0,0.0,0.0,0.0,0.0,0.0,0.0,0.0,0.0,0.0,1.0
-0.1712545908114476,-0.1046374011471275,0.5,0.0,0.0,1.0,0.0,1.0,0,1.0,1,1,-0.1878422769380683,,0.0,0.0,0.0,0.0,0.0,0.0,0.0,0.0,0.0,0.0,0.0,1.0,0.0,0.0,0.0,0.0,0.0,0.0,1.0
-0.3206725105675282,-0.335186931111001,1.0,0.0,0.0,1.0,0.0,1.0,0,1.0,1,1,-0.3866519563101637,,0.0,0.0,0.0,0.0,0.0,0.0,0.0,0.0,0.0,0.0,0.0,1.0,0.0,0.0,0.0,0.0,0.0,0.0,1.0
0.6353856281615965,0.7407108753870755,1.0,0.0,0.8333333333333333,0.0,1.0,0.0,0,1.8333333333333333,0,5,0.49187863474185484,0.7971108004296494,0.0,0.0,0.0,0.0,0.0,0.0,0.0,0.0,0.0,0.0,0.0,0.0,1.0,0.0,0.0,0.0,0.0,1.0,0.0
-0.0629807359157369,-0.1814872444684187,0.5,0.0,0.0,1.0,0.0,1.0,0,1.0,1,1,-0.06505143763353603,,0.0,0.0,0.0,0.0,0.0,0.0,0.0,0.0,0.0,0.0,0.0,0.0,0.0,0.0,1.0,0.0,0.0,0.0,1.0
0.6732814773750952,-0.7962859910387481,0.0,0.0,0.0,0.0,0.0,1.0,1,1.0,1,1,0.5147866549388631,0.8205373101663904,0.0,0.0,0.0,0.0,0.0,0.0,0.0,0.0,1.0,0.0,0.0,0.0,0.0,0.0,0.0,0.0,0.0,0.0,1.0
0.3896039775483334,-0.1046374011471275,1.0,0.125,0.3333333333333333,0.0,0.0,1.0,0,1.4583333333333333,0,2,0.3290187983099286,0.6241826475866927,0.0,0.0,0.0,0.0,0.0,0.0,0.0,0.0,1.0,0.0,0.0,0.0,0.0,0.0,0.0,0.0,0.0,0.0,1.0
0.6732814773750952,-0.2583370877897099,0.0,0.0,0.0,1.0,0.0,0.0,1,1.0,1,1,0.5147866549388631,0.8205373101663904,0.0,0.0,0.0,0.0,0.0,0.0,0.0,0.0,0.0,0.0,0.0,1.0,0.0,0.0,0.0,0.0,0.0,0.0,1.0
-0.2903558311967292,0.2027619721380371,1.0,0.0,0.0,1.0,1.0,0.0,0,1.0,1,1,-0.3429916052744054,,0.0,0.0,0.0,0.0,0.0,0.0,0.0,0.0,0.0,0.0,0.0,1.0,0.0,0.0,0.0,0.0,0.0,1.0,0.0
